,CountryOfExploitation,citizenship,majorityStatus,gender,yearOfRegistration,isForcedLabour,isSexualExploit,isOtherExploit,Cases,"Adolescent fertility rate (births per 1,000 women ages 15-19)_expl_country","Age at first marriage, female_expl_country","Age at first marriage, male_expl_country","Mortality rate, under-5, male (per 1,000)_expl_country","Mortality rate, under-5, female (per 1,000)_expl_country","Mortality rate, under-5 (per 1,000)_expl_country","Mortality rate, neonatal (per 1,000 live births)_expl_country","Mortality rate, adult, male (per 1,000 male adults)_expl_country","Mortality rate, adult, female (per 1,000 female adults)_expl_country",Teenage mothers (% of women ages 15-19 who have had children or are currently pregnant)_expl_country,"Unemployment, female (% of female labor force)_expl_country","Unemployment, male (% of male labor force)_expl_country","Unemployment, total (% of total labor force)_expl_country","Adolescent fertility rate (births per 1,000 women ages 15-19)_cit_country","Age at first marriage, female_cit_country","Age at first marriage, male_cit_country","Mortality rate, under-5, male (per 1,000)_cit_country","Mortality rate, under-5, female (per 1,000)_cit_country","Mortality rate, under-5 (per 1,000)_cit_country","Mortality rate, neonatal (per 1,000 live births)_cit_country","Mortality rate, adult, male (per 1,000 male adults)_cit_country","Mortality rate, adult, female (per 1,000 female adults)_cit_country",Teenage mothers (% of women ages 15-19 who have had children or are currently pregnant)_cit_country,"Unemployment, female (% of female labor force)_cit_country","Unemployment, male (% of male labor force)_cit_country","Unemployment, total (% of total labor force)_cit_country"
0,AE,BY,Adult,Female,2004,0.0,11.0,0.0,11,27.3122,..,..,11.1,8.8,10,5.3,99.955,73.524,..,6.3899998664856,2.72099995613098,3.17600011825562,23.5006,..,..,10.5,7.9,9.2,4,362.612,128.963,..,7.5479998588562,10.7749996185303,9.18599987030029
1,AE,BY,Adult,Female,2005,54.0,54.0,0.0,54,28.1738,25.3,26.8,10.8,8.6,9.7,5.2,97.245,70.541,..,7.22100019454956,2.55699992179871,3.11999988555908,23.1054,22.7,..,9.6,7.3,8.5,3.5,369.192,127.967,..,6.83400011062622,10.0430002212524,8.46000003814697
2,AE,ID,Adult,Female,2014,290.0,0.0,0.0,290,12.6804,..,..,8.7,7,7.9,4.3,81.739,57.493,..,5.21400022506714,1.67700004577637,2.21199989318848,49.2346,..,..,31.9,25.8,28.9,15.2,206.941,147.893,..,3.88299989700317,4.15000009536743,4.04899978637695
3,AE,ID,Adult,Female,2017,36.0,0.0,0.0,36,6.546,..,..,8.5,6.8,7.7,4.1,78.066,54.933,..,7.13600015640259,1.48000001907349,2.46300005912781,47.374,22.4,27.1,28.4,22.9,25.7,13.4,202.511,141.206,7.1,3.9210000038147,4.35200023651123,4.18499994277954
4,AE,PH,unknown,Female,2016,13.0,0.0,0.0,13,8.5908,..,..,8.6,6.9,7.8,4.2,79.29,55.786,..,4.19999980926514,1.11899995803833,1.6360000371933,54.779,..,..,32.3,26.1,29.3,14.3,260.571,135.647,..,2.86999988555908,2.6029999256134,2.70799994468689
5,AE,UA,Adult,Female,2006,0.0,32.0,0.0,32,29.0354,..,..,10.5,8.4,9.4,5,94.535,67.557,..,6.68200016021729,2.17400002479553,2.70300006866455,30.1846,..,..,15.4,12.4,13.9,8.4,384.568,142.426,..,6.60200023651123,7.00299978256226,6.80999994277954
6,AE,UA,Adult,Female,2007,0.0,68.0,0.0,68,29.897,..,..,10.2,8.1,9.2,4.9,91.826,64.574,..,5.8289999961853,1.60099995136261,2.08100008964539,30.411,23.1,25.9,14.8,11.9,13.4,8,396.138,146.547,4.2,5.99499988555908,6.67899990081787,6.35099983215332
7,AF,AF,Minor,Male,2013,12.0,0.0,0.0,12,94.429,..,..,80.5,73,76.8,43,257.135,215.307,..,14.6800003051758,10.8920001983643,11.5340003967285,94.429,..,..,80.5,73,76.8,43,257.135,215.307,..,14.6800003051758,10.8920001983643,11.5340003967285
8,AF,AF,Minor,Male,2014,71.0,0.0,0.0,71,88.061,..,..,77.2,69.8,73.6,41.6,252.93,211.026,..,14.5050001144409,10.7840003967285,11.4479999542236,88.061,..,..,77.2,69.8,73.6,41.6,252.93,211.026,..,14.5050001144409,10.7840003967285,11.4479999542236
9,AL,AL,Adult,Female,2005,0.0,0.0,0.0,22,18.611,24.6,..,22.3,17.5,20,10.6,109.069,59.914,..,16.9190006256104,16.1270008087158,16.4599990844727,18.611,24.6,..,22.3,17.5,20,10.6,109.069,59.914,..,16.9190006256104,16.1270008087158,16.4599990844727
10,AR,BO,Minor,Female,2012,0.0,0.0,0.0,18,63.567,..,..,14.5,11.9,13.3,7.5,157.542,84.923,..,8.81099987030029,6.08099985122681,7.21700000762939,72.889,24.1,26.6,39.9,33.4,36.7,19.3,223.826,161.683,..,2.80200004577637,1.50100004673004,2.04800009727478
11,AT,UA,Adult,Female,2007,24.0,0.0,0.0,24,11.127,..,..,5.1,4.2,4.6,2.7,104.253,51.858,..,5.30100011825562,4.48799991607666,4.85799980163574,30.411,23.1,25.9,14.8,11.9,13.4,8,396.138,146.547,4.2,5.99499988555908,6.67899990081787,6.35099983215332
12,BA,RO,Adult,Female,2002,0.0,41.0,0.0,41,18.868,..,..,10.4,8.3,9.3,6.2,153.878,76.668,..,31.8159999847412,25.1809997558594,27.7040004730225,35.469,25.2,28.6,22.4,18,20.2,9.7,238.717,104.987,..,7.59100008010864,8.54599952697754,8.10999965667725
13,BA,RO,Adult,Female,2003,0.0,73.0,0.0,73,18.3324,..,..,10.2,8.1,9.2,5.9,151.408,75.798,..,32.7239990234375,26.2569999694824,28.7099990844727,36.7016,25.5,28.9,22,17.7,19.9,9.5,234.802,102.524,..,6.375,7.42399978637695,6.94999980926514
14,BA,UA,Adult,Female,2003,0.0,13.0,0.0,13,18.3324,..,..,10.2,8.1,9.2,5.9,151.408,75.798,..,32.7239990234375,26.2569999694824,28.7099990844727,29.5054,..,..,17.6,14.1,15.9,9.6,382.632,142.175,..,8.73600006103516,9.36299991607666,9.05700016021729
15,BD,MM,Minor,Female,2018,26.0,0.0,0.0,26,82.3128,..,..,34.4,30.1,32.3,19.8,151.411,114.505,..,6.6230001449585,3.25999999046326,4.2810001373291,28.2066,..,..,50.6,41.9,46.4,23,247.696,149.971,..,1.96200001239777,1.17599999904633,1.49399995803833
16,BG,BG,Adult,Female,2005,0.0,101.0,0.0,101,44.7304,..,..,14.6,11.8,13.3,6,219.427,92.247,..,9.83300018310547,10.2950000762939,10.0830001831055,44.7304,..,..,14.6,11.8,13.3,6,219.427,92.247,..,9.83300018310547,10.2950000762939,10.0830001831055
17,BG,BG,Adult,Female,2007,0.0,0.0,0.0,199,46.208,..,..,13,10.5,11.8,5.3,212.03,91.31,..,7.29199981689453,6.52099990844727,6.87799978256226,46.208,..,..,13,10.5,11.8,5.3,212.03,91.31,..,7.29199981689453,6.52099990844727,6.87799978256226
18,BG,BG,Minor,Female,2005,0.0,15.0,0.0,15,44.7304,..,..,14.6,11.8,13.3,6,219.427,92.247,..,9.83300018310547,10.2950000762939,10.0830001831055,44.7304,..,..,14.6,11.8,13.3,6,219.427,92.247,..,9.83300018310547,10.2950000762939,10.0830001831055
19,BG,BG,Minor,Female,2007,0.0,0.0,0.0,27,46.208,..,..,13,10.5,11.8,5.3,212.03,91.31,..,7.29199981689453,6.52099990844727,6.87799978256226,46.208,..,..,13,10.5,11.8,5.3,212.03,91.31,..,7.29199981689453,6.52099990844727,6.87799978256226
20,BG,UA,Adult,Female,2005,0.0,14.0,0.0,14,44.7304,..,..,14.6,11.8,13.3,6,219.427,92.247,..,9.83300018310547,10.2950000762939,10.0830001831055,29.9582,23.9,..,16,12.9,14.5,8.7,403.431,150.196,..,6.82200002670288,7.51100015640259,7.17999982833862
21,BH,ID,Adult,Female,2014,22.0,0.0,0.0,22,13.743,..,..,8,7.4,7.7,3.2,75.461,59.743,..,3.89299988746643,0.412999987602234,1.16999995708466,49.2346,..,..,31.9,25.8,28.9,15.2,206.941,147.893,..,3.88299989700317,4.15000009536743,4.04899978637695
22,BY,BY,Adult,Female,2013,0.0,0.0,0.0,51,19.9998,..,..,5,3.9,4.5,1.8,273.671,95.272,..,4.53200006484985,7.57399988174438,6.06300020217896,19.9998,..,..,5,3.9,4.5,1.8,273.671,95.272,..,4.53200006484985,7.57399988174438,6.06300020217896
23,BY,BY,Adult,Male,2013,0.0,0.0,0.0,250,19.9998,..,..,5,3.9,4.5,1.8,273.671,95.272,..,4.53200006484985,7.57399988174438,6.06300020217896,19.9998,..,..,5,3.9,4.5,1.8,273.671,95.272,..,4.53200006484985,7.57399988174438,6.06300020217896
24,BY,BY,Adult,Male,2014,0.0,0.0,0.0,44,18.6266,..,..,4.8,3.7,4.3,1.7,261.217,89.986,..,4.4229998588562,7.51800012588501,5.98099994659424,18.6266,..,..,4.8,3.7,4.3,1.7,261.217,89.986,..,4.4229998588562,7.51800012588501,5.98099994659424
25,BY,BY,Adult,Male,2018,0.0,0.0,0.0,19,13.7516,..,..,3.8,3,3.4,1.3,..,..,..,3.55399990081787,5.92000007629395,4.76000022888184,13.7516,..,..,3.8,3,3.4,1.3,..,..,..,3.55399990081787,5.92000007629395,4.76000022888184
26,BY,BY,Minor,Female,2015,0.0,22.0,0.0,22,17.2534,..,..,4.5,3.5,4,1.6,245.384,82.36,..,4.26200008392334,7.54400014877319,5.91400003433228,17.2534,..,..,4.5,3.5,4,1.6,245.384,82.36,..,4.26200008392334,7.54400014877319,5.91400003433228
27,BY,BY,Minor,Male,2014,0.0,0.0,0.0,14,18.6266,..,..,4.8,3.7,4.3,1.7,261.217,89.986,..,4.4229998588562,7.51800012588501,5.98099994659424,18.6266,..,..,4.8,3.7,4.3,1.7,261.217,89.986,..,4.4229998588562,7.51800012588501,5.98099994659424
28,CN,KH,Adult,Female,2017,0.0,54.0,0.0,54,7.635,..,..,9.7,8.6,9.2,4.5,95.115,61.091,..,3.84699988365173,4.90500020980835,4.44099998474121,50.177,..,..,32,25.4,28.8,15.7,202.166,134.547,..,0.813000023365021,0.560000002384186,0.683000028133392
29,CN,KH,Adult,Female,2018,0.0,14.0,0.0,14,7.643,..,..,9,8,8.5,4.2,93.777,60.272,..,3.70300006866455,4.72200012207031,4.27600002288818,50.7204,..,..,30.7,24.4,27.6,15.1,199.971,132.376,..,0.779999971389771,0.532000005245209,0.65200001001358
30,CN,KH,Minor,Female,2017,0.0,11.0,0.0,11,7.635,..,..,9.7,8.6,9.2,4.5,95.115,61.091,..,3.84699988365173,4.90500020980835,4.44099998474121,50.177,..,..,32,25.4,28.8,15.7,202.166,134.547,..,0.813000023365021,0.560000002384186,0.683000028133392
31,CY,BY,Adult,Female,2004,0.0,11.0,0.0,11,6.9096,..,..,5.6,4.8,5.2,2.9,85.371,44.071,..,5.47800016403198,3.50099992752075,4.33300018310547,23.5006,..,..,10.5,7.9,9.2,4,362.612,128.963,..,7.5479998588562,10.7749996185303,9.18599987030029
32,CZ,UA,Adult,Female,2006,0.0,14.0,0.0,14,11.1656,28.5,30.9,4.6,3.6,4.1,2.1,146.736,66.353,..,8.84200000762939,5.81099987030029,7.14799976348877,30.1846,..,..,15.4,12.4,13.9,8.4,384.568,142.426,..,6.60200023651123,7.00299978256226,6.80999994277954
33,CZ,UA,Adult,Female,2007,0.0,24.0,0.0,24,11.117,28.9,31.2,4.4,3.4,3.9,2,145.864,64.729,..,6.73600006103516,4.22100019454956,5.32000017166138,30.411,23.1,25.9,14.8,11.9,13.4,8,396.138,146.547,4.2,5.99499988555908,6.67899990081787,6.35099983215332
34,DK,RO,Adult,Male,2015,0.0,0.0,17.0,17,4.2482,31.7,33.4,4.6,3.5,4.1,3.3,82.945,51.397,..,6.44399976730347,5.9229998588562,6.16800022125244,36.351,..,..,10.1,8.1,9.1,4.3,179.976,77.23,..,5.85200023651123,7.53599977493286,6.81199979782104
35,EC,CO,Adult,Female,2010,0.0,0.0,0.0,13,83.0816,21.8,25,20.4,16,18.3,9.2,174.406,93.17,..,4.9689998626709,3.53399991989136,4.08799982070923,76.8484,22.3,26.8,20.4,16.3,18.4,10,200.607,94.752,19.5,14.1890001296997,8.63500022888184,10.9840002059937
36,EG,ER,Minor,Male,2014,0.0,0.0,13.0,13,54.983,22,27.5,25.7,22.9,24.3,13.4,189.85,113.113,10.9,23.9810009002686,9.72299957275391,13.1049995422363,57.2114,..,..,53.5,41.9,47.9,19.8,298.647,225.08,..,5.21099996566772,5.52799987792969,5.38199996948242
37,GH,GH,Minor,Female,2005,207.0,0.0,0.0,207,76.0342,..,..,89.7,75.8,82.9,32.7,298.347,260.733,..,5.7189998626709,5.33599996566772,5.52099990844727,76.0342,..,..,89.7,75.8,82.9,32.7,298.347,260.733,..,5.7189998626709,5.33599996566772,5.52099990844727
38,GH,GH,Minor,Male,2005,307.0,0.0,0.0,307,76.0342,..,..,89.7,75.8,82.9,32.7,298.347,260.733,..,5.7189998626709,5.33599996566772,5.52099990844727,76.0342,..,..,89.7,75.8,82.9,32.7,298.347,260.733,..,5.7189998626709,5.33599996566772,5.52099990844727
39,GH,GH,Minor,Male,2006,30.0,0.0,0.0,30,74.8906,22.8,..,87.1,73.5,80.5,32.3,291.057,253.916,..,4.76999998092651,4.51000022888184,4.63500022888184,74.8906,22.8,..,87.1,73.5,80.5,32.3,291.057,253.916,..,4.76999998092651,4.51000022888184,4.63500022888184
40,HK,PH,Adult,Female,2017,0.0,0.0,31.0,31,2.705,..,..,..,..,..,..,62.64,33.582,..,2.7739999294281,3.39499998092651,3.08999991416931,54.154,23.4,27.1,31.7,25.6,28.7,14,259.084,133.878,8.6,2.70199990272522,2.45900011062622,2.55200004577637
41,HT,HT,Minor,Female,2012,168.0,0.0,0.0,179,57.566,23.7,28.3,82,69.7,75.9,28.2,283.463,221.669,14.2,17.136999130249,11.3920001983643,14.1000003814697,57.566,23.7,28.3,82,69.7,75.9,28.2,283.463,221.669,14.2,17.136999130249,11.3920001983643,14.1000003814697
42,HT,HT,Minor,Female,2013,0.0,0.0,0.0,26,56.388,26.1,..,80.1,68,74.1,27.9,280.515,218.656,..,17.2119998931885,11.3640003204346,14.1300001144409,56.388,26.1,..,80.1,68,74.1,27.9,280.515,218.656,..,17.2119998931885,11.3640003204346,14.1300001144409
43,HT,HT,Minor,Male,2012,106.0,0.0,0.0,106,57.566,23.7,28.3,82,69.7,75.9,28.2,283.463,221.669,14.2,17.136999130249,11.3920001983643,14.1000003814697,57.566,23.7,28.3,82,69.7,75.9,28.2,283.463,221.669,14.2,17.136999130249,11.3920001983643,14.1000003814697
44,HT,HT,Minor,Male,2013,0.0,0.0,0.0,28,56.388,26.1,..,80.1,68,74.1,27.9,280.515,218.656,..,17.2119998931885,11.3640003204346,14.1300001144409,56.388,26.1,..,80.1,68,74.1,27.9,280.515,218.656,..,17.2119998931885,11.3640003204346,14.1300001144409
45,ID,ID,Adult,Female,2006,21.0,0.0,0.0,21,51.608,..,..,43.6,36.1,40,19.3,217.883,160.414,..,9.28999996185303,6.58799982070923,7.55100011825562,51.608,..,..,43.6,36.1,40,19.3,217.883,160.414,..,9.28999996185303,6.58799982070923,7.55100011825562
46,ID,ID,Adult,Female,2014,85.0,0.0,0.0,85,49.2346,..,..,31.9,25.8,28.9,15.2,206.941,147.893,..,3.88299989700317,4.15000009536743,4.04899978637695,49.2346,..,..,31.9,25.8,28.9,15.2,206.941,147.893,..,3.88299989700317,4.15000009536743,4.04899978637695
47,ID,ID,Adult,Female,2015,95.0,0.0,0.0,95,48.6144,..,..,30.7,24.8,27.8,14.5,205.464,145.664,..,4.42999982833862,4.56599998474121,4.51399993896484,48.6144,..,..,30.7,24.8,27.8,14.5,205.464,145.664,..,4.42999982833862,4.56599998474121,4.51399993896484
48,ID,ID,Minor,Female,2014,28.0,0.0,0.0,28,49.2346,..,..,31.9,25.8,28.9,15.2,206.941,147.893,..,3.88299989700317,4.15000009536743,4.04899978637695,49.2346,..,..,31.9,25.8,28.9,15.2,206.941,147.893,..,3.88299989700317,4.15000009536743,4.04899978637695
49,ID,ID,Minor,Female,2015,16.0,0.0,0.0,16,48.6144,..,..,30.7,24.8,27.8,14.5,205.464,145.664,..,4.42999982833862,4.56599998474121,4.51399993896484,48.6144,..,..,30.7,24.8,27.8,14.5,205.464,145.664,..,4.42999982833862,4.56599998474121,4.51399993896484
50,ID,KH,Adult,Male,2015,116.0,0.0,0.0,116,48.6144,..,..,30.7,24.8,27.8,14.5,205.464,145.664,..,4.42999982833862,4.56599998474121,4.51399993896484,49.6326,..,..,35.1,28,31.6,16.9,208.468,142.84,..,0.456999987363815,0.333999991416931,0.39300000667572
51,ID,KH,Adult,Male,2016,31.0,0.0,0.0,137,47.9942,..,..,29.5,23.8,26.7,13.9,203.988,143.435,..,3.86500000953674,4.57200002670288,4.30100011825562,49.9048,..,..,33.5,26.5,30.1,16.3,205.317,138.694,..,0.851000010967255,0.58899998664856,0.716000020503998
52,ID,MM,Adult,Male,2013,29.0,0.0,0.0,29,49.8548,..,..,33.1,26.9,30.1,15.7,208.417,150.122,..,4.26599979400635,4.37799978256226,4.33599996566772,29.5626,..,..,60.7,50.8,55.8,26.1,229.977,168.823,..,0.935000002384186,0.695999979972839,0.796000003814697
53,ID,MM,Adult,Male,2014,136.0,0.0,0.0,136,49.2346,..,..,31.9,25.8,28.9,15.2,206.941,147.893,..,3.88299989700317,4.15000009536743,4.04899978637695,29.2992,23.6,26.1,58.4,48.8,53.7,25.4,228.447,167.006,..,0.916999995708466,0.679000020027161,0.777999997138977
54,ID,MM,Adult,Male,2015,1011.0,0.0,0.0,1011,48.6144,..,..,30.7,24.8,27.8,14.5,205.464,145.664,..,4.42999982833862,4.56599998474121,4.51399993896484,29.0358,..,..,56.3,46.9,51.8,24.8,226.917,165.189,..,0.902999997138977,0.667999982833862,0.765999972820282
55,ID,MM,Adult,Male,2016,48.0,0.0,0.0,48,47.9942,..,..,29.5,23.8,26.7,13.9,203.988,143.435,..,3.86500000953674,4.57200002670288,4.30100011825562,28.7724,22.9,25.4,54.4,45.1,49.9,24.1,225.386,163.373,5.9,1.39400005340576,0.96399998664856,1.14100003242493
56,ID,TH,Adult,Male,2016,55.0,0.0,0.0,55,47.9942,..,..,29.5,23.8,26.7,13.9,203.988,143.435,..,3.86500000953674,4.57200002670288,4.30100011825562,46.239,..,..,11.4,9.2,10.3,6.1,201.685,92.452,..,0.71399998664856,0.666000008583069,0.688000023365021
57,IN,unknown,Minor,Female,2018,46.0,0.0,0.0,46,12.0708,..,..,35.5,37.1,36.3,22.6,203.623,147.161,..,5.30000019073486,5.33699989318848,5.32999992370605,,,,,,,,,,,,,
58,IT,RO,Adult,Female,2005,0.0,12.0,0.0,12,7.0302,..,..,4.8,4.1,4.5,2.7,84.326,44.227,..,10.0550003051758,6.17500019073486,7.73099994659424,39.1668,25.7,29,20.2,16.1,18.2,8.5,226.972,97.598,..,6.42700004577637,7.7810001373291,7.17399978637695
59,IT,RO,Adult,Female,2008,0.0,12.0,0.0,12,6.778,28.5,32,4.5,3.8,4.1,2.5,78.486,41.68,..,8.49699974060059,5.49599981307983,6.72300004959106,40.6178,26,29.2,15.4,12.3,13.9,6.2,213.209,90.514,..,4.67000007629395,6.67999982833862,5.78700017929077
60,JO,ID,Adult,Female,2014,23.0,0.0,0.0,23,27.2012,..,..,19.7,16.5,18.1,10.7,128.498,93.616,..,20.6100006103516,10.0559997558594,11.8999996185303,49.2346,..,..,31.9,25.8,28.9,15.2,206.941,147.893,..,3.88299989700317,4.15000009536743,4.04899978637695
61,JO,LK,Adult,Female,2012,32.0,0.0,0.0,32,28.084,25,29.8,20.8,17.4,19.1,11.3,130.676,95.895,4.5,20.0349998474121,10.4709997177124,12.1999998092651,21.847,23.4,27.2,11.6,9.6,10.6,6,167.357,63.62,..,6.17799997329712,2.7960000038147,3.88000011444092
62,JO,LK,Adult,Female,2013,53.0,0.0,0.0,53,27.6426,..,..,20.2,16.9,18.6,11,129.587,94.755,..,22.1690006256104,10.585000038147,12.6000003814697,21.6628,..,..,10.9,9,10,5.8,164.511,62.26,..,6.49200010299683,3.09500002861023,4.24100017547607
63,JP,PH,unknown,Female,2016,11.0,0.0,100.0,111,3.9198,..,..,2.8,2.5,2.7,0.9,68.456,36.953,..,2.81399989128113,3.31699991226196,3.09999990463257,54.779,..,..,32.3,26.1,29.3,14.3,260.571,135.647,..,2.86999988555908,2.6029999256134,2.70799994468689
64,KH,KH,Adult,Female,2018,0.0,71.0,0.0,88,50.7204,..,..,30.7,24.4,27.6,15.1,199.971,132.376,..,0.779999971389771,0.532000005245209,0.65200001001358,50.7204,..,..,30.7,24.4,27.6,15.1,199.971,132.376,..,0.779999971389771,0.532000005245209,0.65200001001358
65,KH,KH,Adult,Male,2018,0.0,72.0,0.0,72,50.7204,..,..,30.7,24.4,27.6,15.1,199.971,132.376,..,0.779999971389771,0.532000005245209,0.65200001001358,50.7204,..,..,30.7,24.4,27.6,15.1,199.971,132.376,..,0.779999971389771,0.532000005245209,0.65200001001358
66,KH,KH,Minor,Female,2018,0.0,143.0,0.0,143,50.7204,..,..,30.7,24.4,27.6,15.1,199.971,132.376,..,0.779999971389771,0.532000005245209,0.65200001001358,50.7204,..,..,30.7,24.4,27.6,15.1,199.971,132.376,..,0.779999971389771,0.532000005245209,0.65200001001358
67,KH,KH,Minor,Male,2018,0.0,166.0,0.0,166,50.7204,..,..,30.7,24.4,27.6,15.1,199.971,132.376,..,0.779999971389771,0.532000005245209,0.65200001001358,50.7204,..,..,30.7,24.4,27.6,15.1,199.971,132.376,..,0.779999971389771,0.532000005245209,0.65200001001358
68,KH,KH,unknown,Female,2018,0.0,177.0,0.0,177,50.7204,..,..,30.7,24.4,27.6,15.1,199.971,132.376,..,0.779999971389771,0.532000005245209,0.65200001001358,50.7204,..,..,30.7,24.4,27.6,15.1,199.971,132.376,..,0.779999971389771,0.532000005245209,0.65200001001358
69,KH,KH,unknown,Male,2018,0.0,237.0,0.0,237,50.7204,..,..,30.7,24.4,27.6,15.1,199.971,132.376,..,0.779999971389771,0.532000005245209,0.65200001001358,50.7204,..,..,30.7,24.4,27.6,15.1,199.971,132.376,..,0.779999971389771,0.532000005245209,0.65200001001358
70,KH,VN,Adult,Female,2017,0.0,15.0,0.0,15,50.177,..,..,32,25.4,28.8,15.7,202.166,134.547,..,0.813000023365021,0.560000002384186,0.683000028133392,30.929,..,..,24.3,17.2,20.8,11,178.38,64.966,..,1.88199996948242,2.21000003814697,2.05299997329712
71,KH,VN,unknown,Female,2018,0.0,31.0,0.0,31,50.7204,..,..,30.7,24.4,27.6,15.1,199.971,132.376,..,0.779999971389771,0.532000005245209,0.65200001001358,29.1518,..,..,23.8,16.9,20.4,10.7,188.583,76.363,..,1.8309999704361,2.14199995994568,1.99300003051758
72,KH,unknown,Minor,Female,2017,0.0,0.0,57.0,57,50.177,..,..,32,25.4,28.8,15.7,202.166,134.547,..,0.813000023365021,0.560000002384186,0.683000028133392,,,,,,,,,,,,,
73,KH,unknown,Minor,Male,2017,0.0,14.0,0.0,14,50.177,..,..,32,25.4,28.8,15.7,202.166,134.547,..,0.813000023365021,0.560000002384186,0.683000028133392,,,,,,,,,,,,,
74,KW,PH,unknown,Female,2016,160.0,0.0,49.0,209,8.4444,..,..,9.2,7.7,8.5,4.8,71.056,42.887,..,5.61899995803833,0.906000018119812,2.16000008583069,54.779,..,..,32.3,26.1,29.3,14.3,260.571,135.647,..,2.86999988555908,2.6029999256134,2.70799994468689
75,KZ,KG,Adult,Male,2008,11.0,0.0,0.0,11,28.7044,..,..,27.9,21.2,24.7,15.3,365.581,149.086,..,7.96500015258789,5.34000015258789,6.63000011444092,32.6004,..,..,37.4,30.1,33.8,18.3,293.085,134.443,..,9.40299987792969,7.35799980163574,8.22000026702881
76,KZ,KG,Adult,Male,2010,45.0,0.0,0.0,45,30.0072,..,..,23.1,17.5,20.4,11.8,336,137.893,..,6.6399998664856,4.93800020217896,5.76999998092651,38.3092,..,..,32.7,26.2,29.5,17.2,273.822,123.804,..,9.9399995803833,7.71000003814697,8.64000034332275
77,KZ,KG,Adult,Male,2011,27.0,0.0,0.0,27,30.6586,23.1,26.3,20.7,15.8,18.3,10.1,321.21,132.296,..,6.21400022506714,4.60300016403198,5.3899998664856,41.1636,..,..,30.7,24.5,27.7,16.5,264.191,118.485,..,9.85099983215332,7.58099985122681,8.52999973297119
78,KZ,KG,Adult,Male,2014,11.0,0.0,0.0,11,30.686,..,..,14.7,11.3,13,6.3,272.994,114.194,..,5.67500019073486,4.47700023651123,5.05999994277954,39.516,21.2,..,26,20.8,23.5,15.2,237.716,105.916,..,9.49199962615967,7.0310001373291,8.05000019073486
79,KZ,KZ,Adult,Female,2010,0.0,13.0,0.0,13,30.0072,..,..,23.1,17.5,20.4,11.8,336,137.893,..,6.6399998664856,4.93800020217896,5.76999998092651,30.0072,..,..,23.1,17.5,20.4,11.8,336,137.893,..,6.6399998664856,4.93800020217896,5.76999998092651
80,KZ,KZ,Adult,Female,2011,0.0,0.0,0.0,41,30.6586,23.1,26.3,20.7,15.8,18.3,10.1,321.21,132.296,..,6.21400022506714,4.60300016403198,5.3899998664856,30.6586,23.1,26.3,20.7,15.8,18.3,10.1,321.21,132.296,..,6.21400022506714,4.60300016403198,5.3899998664856
81,KZ,UA,Adult,Male,2015,17.0,0.0,0.0,17,30.374,22.4,..,13.3,10.3,11.8,5.6,256.281,107.941,..,5.5,4.39200019836426,4.92999982833862,25.4078,..,..,10.4,8.5,9.5,5.7,..,..,..,8.07699966430664,10.0959997177124,9.14000034332275
82,KZ,UZ,Adult,Male,2011,0.0,0.0,0.0,31,30.6586,23.1,26.3,20.7,15.8,18.3,10.1,321.21,132.296,..,6.21400022506714,4.60300016403198,5.3899998664856,22.6534,..,..,35,26.6,30.9,17.4,191.884,113.735,..,4.70100021362305,5.14300012588501,4.96000003814697
83,KZ,UZ,Adult,Male,2015,11.0,0.0,0.0,11,30.374,22.4,..,13.3,10.3,11.8,5.6,256.281,107.941,..,5.5,4.39200019836426,4.92999982833862,23.79,..,..,25.8,19.5,22.8,13,176.279,105.351,..,4.88600015640259,5.33300018310547,5.15000009536743
84,KZ,UZ,Adult,Male,2017,15.0,0.0,0.0,15,29.75,..,..,11.8,9.1,10.5,4.8,222.855,95.436,..,5.43499994277954,4.40399980545044,4.90000009536743,23.79,..,..,22.3,16.8,19.6,11.2,170.549,101.845,..,5.61100006103516,5.98199987411499,5.82999992370605
85,LB,NP,Adult,Female,2015,27.0,0.0,0.0,27,15.2896,..,..,8.7,7.9,8.3,4.8,70.223,50.412,..,10.3929996490479,5.06899976730347,6.35699987411499,69.5002,..,..,38.5,33.8,36.2,22.4,175.316,133.892,..,1.25300002098083,1.75,1.47500002384186
86,LB,PH,Adult,Female,2015,28.0,0.0,0.0,28,15.2896,..,..,8.7,7.9,8.3,4.8,70.223,50.412,..,10.3929996490479,5.06899976730347,6.35699987411499,55.404,24.6,27.2,32.9,26.6,29.8,14.4,262.057,137.416,..,3.21900010108948,2.96900010108948,3.06800007820129
87,LB,PH,unknown,Female,2016,0.0,0.0,0.0,18,14.8948,..,..,8.4,7.6,8,4.6,68.69,49.496,..,10.3039999008179,5.02799987792969,6.30900001525879,54.779,..,..,32.3,26.1,29.3,14.3,260.571,135.647,..,2.86999988555908,2.6029999256134,2.70799994468689
88,LY,KE,Adult,Female,2017,22.0,22.0,0.0,11,5.769,..,..,13.6,11,12.4,6.9,169.882,94.983,..,25.0030002593994,15.326000213623,18.6270008087158,75.078,..,..,50.3,42.4,46.4,21.9,252.222,174.376,..,2.85899996757507,2.53900003433228,2.6949999332428
89,MD,MD,Adult,Female,2004,0.0,77.0,0.0,128,29.4386,23.7,27.1,23.4,18.6,21.1,14.6,313.859,152.048,..,6.32499980926514,10.0880002975464,8.17000007629395,29.4386,23.7,27.1,23.4,18.6,21.1,14.6,313.859,152.048,..,6.32499980926514,10.0880002975464,8.17000007629395
90,MD,MD,Adult,Female,2005,0.0,0.0,0.0,182,28.6804,21.9,25.4,21.9,17.4,19.7,13.8,311.74,151.016,6.1,5.96700000762939,8.64099979400635,7.28999996185303,28.6804,21.9,25.4,21.9,17.4,19.7,13.8,311.74,151.016,6.1,5.96700000762939,8.64099979400635,7.28999996185303
91,MD,MD,Adult,Female,2006,0.0,0.0,0.0,183,27.9222,..,..,20.8,16.6,18.7,13.3,309.62,149.985,..,5.79699993133545,8.96700000762939,7.38000011444092,27.9222,..,..,20.8,16.6,18.7,13.3,309.62,149.985,..,5.79699993133545,8.96700000762939,7.38000011444092
92,MD,MD,Adult,Female,2007,0.0,0.0,0.0,178,27.164,..,..,20.1,16,18.1,13.1,307.5,148.953,..,3.87700009346008,6.24100017547607,5.07000017166138,27.164,..,..,20.1,16,18.1,13.1,307.5,148.953,..,3.87700009346008,6.24100017547607,5.07000017166138
93,MD,MD,Adult,Female,2008,0.0,0.0,0.0,143,26.8846,..,..,19.6,15.6,17.7,12.9,296.118,139.596,..,3.36899995803833,4.56599998474121,3.98000001907349,26.8846,..,..,19.6,15.6,17.7,12.9,296.118,139.596,..,3.36899995803833,4.56599998474121,3.98000001907349
94,MD,MD,Adult,Female,2009,0.0,0.0,0.0,136,26.6052,..,..,19.3,15.3,17.3,12.8,284.737,130.238,..,4.88500022888184,7.82200002670288,6.40000009536743,26.6052,..,..,19.3,15.3,17.3,12.8,284.737,130.238,..,4.88500022888184,7.82200002670288,6.40000009536743
95,MD,MD,Adult,Female,2010,0.0,0.0,0.0,13,26.3258,..,..,18.9,15.1,17.1,12.7,273.355,120.88,..,5.72900009155273,9.06900024414063,7.44600009918213,26.3258,..,..,18.9,15.1,17.1,12.7,273.355,120.88,..,5.72900009155273,9.06900024414063,7.44600009918213
96,MD,MD,Adult,Female,2011,0.0,0.0,0.0,37,26.0464,..,..,18.6,14.9,16.8,12.5,261.973,111.523,..,5.58699989318848,7.71799993515015,6.68200016021729,26.0464,..,..,18.6,14.9,16.8,12.5,261.973,111.523,..,5.58699989318848,7.71799993515015,6.68200016021729
97,MD,MD,Adult,Female,2013,0.0,0.0,0.0,185,25.0966,..,..,18,14.3,16.2,12,248.316,101.039,..,4.1399998664856,6.02299976348877,5.10400009155273,25.0966,..,..,18,14.3,16.2,12,248.316,101.039,..,4.1399998664856,6.02299976348877,5.10400009155273
98,MD,MD,Adult,Female,2014,0.0,0.0,0.0,324,24.4262,25,28.7,17.7,14.1,15.9,11.8,246.042,99.914,..,3.05999994277954,4.61299991607666,3.85599994659424,24.4262,25,28.7,17.7,14.1,15.9,11.8,246.042,99.914,..,3.05999994277954,4.61299991607666,3.85599994659424
99,MD,MD,Adult,Female,2015,0.0,0.0,0.0,385,23.7558,..,..,17.3,13.8,15.6,11.6,243.767,98.788,..,2.92000007629395,4.44500017166138,3.69400000572205,23.7558,..,..,17.3,13.8,15.6,11.6,243.767,98.788,..,2.92000007629395,4.44500017166138,3.69400000572205
100,MD,MD,Adult,Female,2016,0.0,0.0,0.0,267,23.0854,..,..,16.9,13.5,15.3,11.4,241.492,97.662,..,2.88000011444092,5.44799995422363,4.18499994277954,23.0854,..,..,16.9,13.5,15.3,11.4,241.492,97.662,..,2.88000011444092,5.44799995422363,4.18499994277954
101,MD,MD,Adult,Female,2017,0.0,0.0,0.0,210,22.415,..,..,16.6,13.3,15,11.1,239.217,96.537,..,3.33899998664856,4.82299995422363,4.09800004959106,22.415,..,..,16.6,13.3,15,11.1,239.217,96.537,..,3.33899998664856,4.82299995422363,4.09800004959106
102,MD,MD,Adult,Female,2018,0.0,0.0,0.0,15,22.1802,..,..,16.3,13,14.7,10.9,237.424,95.579,..,2.47199988365173,3.47900009155273,2.9779999256134,22.1802,..,..,16.3,13,14.7,10.9,237.424,95.579,..,2.47199988365173,3.47900009155273,2.9779999256134
103,MD,MD,Adult,Male,2013,0.0,0.0,0.0,18,25.0966,..,..,18,14.3,16.2,12,248.316,101.039,..,4.1399998664856,6.02299976348877,5.10400009155273,25.0966,..,..,18,14.3,16.2,12,248.316,101.039,..,4.1399998664856,6.02299976348877,5.10400009155273
104,MD,MD,Adult,Male,2014,0.0,0.0,0.0,12,24.4262,25,28.7,17.7,14.1,15.9,11.8,246.042,99.914,..,3.05999994277954,4.61299991607666,3.85599994659424,24.4262,25,28.7,17.7,14.1,15.9,11.8,246.042,99.914,..,3.05999994277954,4.61299991607666,3.85599994659424
105,MD,MD,Minor,Female,2004,0.0,0.0,0.0,12,29.4386,23.7,27.1,23.4,18.6,21.1,14.6,313.859,152.048,..,6.32499980926514,10.0880002975464,8.17000007629395,29.4386,23.7,27.1,23.4,18.6,21.1,14.6,313.859,152.048,..,6.32499980926514,10.0880002975464,8.17000007629395
106,MD,MD,Minor,Female,2005,0.0,0.0,0.0,14,28.6804,21.9,25.4,21.9,17.4,19.7,13.8,311.74,151.016,6.1,5.96700000762939,8.64099979400635,7.28999996185303,28.6804,21.9,25.4,21.9,17.4,19.7,13.8,311.74,151.016,6.1,5.96700000762939,8.64099979400635,7.28999996185303
107,MD,MD,Minor,Female,2006,0.0,0.0,0.0,61,27.9222,..,..,20.8,16.6,18.7,13.3,309.62,149.985,..,5.79699993133545,8.96700000762939,7.38000011444092,27.9222,..,..,20.8,16.6,18.7,13.3,309.62,149.985,..,5.79699993133545,8.96700000762939,7.38000011444092
108,MD,MD,Minor,Female,2007,0.0,0.0,0.0,74,27.164,..,..,20.1,16,18.1,13.1,307.5,148.953,..,3.87700009346008,6.24100017547607,5.07000017166138,27.164,..,..,20.1,16,18.1,13.1,307.5,148.953,..,3.87700009346008,6.24100017547607,5.07000017166138
109,MD,MD,Minor,Female,2008,0.0,0.0,0.0,50,26.8846,..,..,19.6,15.6,17.7,12.9,296.118,139.596,..,3.36899995803833,4.56599998474121,3.98000001907349,26.8846,..,..,19.6,15.6,17.7,12.9,296.118,139.596,..,3.36899995803833,4.56599998474121,3.98000001907349
110,MD,MD,Minor,Female,2009,0.0,0.0,0.0,85,26.6052,..,..,19.3,15.3,17.3,12.8,284.737,130.238,..,4.88500022888184,7.82200002670288,6.40000009536743,26.6052,..,..,19.3,15.3,17.3,12.8,284.737,130.238,..,4.88500022888184,7.82200002670288,6.40000009536743
111,MD,MD,Minor,Female,2013,0.0,0.0,0.0,242,25.0966,..,..,18,14.3,16.2,12,248.316,101.039,..,4.1399998664856,6.02299976348877,5.10400009155273,25.0966,..,..,18,14.3,16.2,12,248.316,101.039,..,4.1399998664856,6.02299976348877,5.10400009155273
112,MD,MD,Minor,Female,2014,0.0,0.0,0.0,126,24.4262,25,28.7,17.7,14.1,15.9,11.8,246.042,99.914,..,3.05999994277954,4.61299991607666,3.85599994659424,24.4262,25,28.7,17.7,14.1,15.9,11.8,246.042,99.914,..,3.05999994277954,4.61299991607666,3.85599994659424
113,MD,MD,Minor,Female,2015,0.0,0.0,0.0,188,23.7558,..,..,17.3,13.8,15.6,11.6,243.767,98.788,..,2.92000007629395,4.44500017166138,3.69400000572205,23.7558,..,..,17.3,13.8,15.6,11.6,243.767,98.788,..,2.92000007629395,4.44500017166138,3.69400000572205
114,MD,MD,Minor,Female,2016,0.0,0.0,0.0,179,23.0854,..,..,16.9,13.5,15.3,11.4,241.492,97.662,..,2.88000011444092,5.44799995422363,4.18499994277954,23.0854,..,..,16.9,13.5,15.3,11.4,241.492,97.662,..,2.88000011444092,5.44799995422363,4.18499994277954
115,MD,MD,Minor,Female,2017,0.0,0.0,0.0,167,22.415,..,..,16.6,13.3,15,11.1,239.217,96.537,..,3.33899998664856,4.82299995422363,4.09800004959106,22.415,..,..,16.6,13.3,15,11.1,239.217,96.537,..,3.33899998664856,4.82299995422363,4.09800004959106
116,MD,MD,Minor,Female,2018,0.0,0.0,0.0,31,22.1802,..,..,16.3,13,14.7,10.9,237.424,95.579,..,2.47199988365173,3.47900009155273,2.9779999256134,22.1802,..,..,16.3,13,14.7,10.9,237.424,95.579,..,2.47199988365173,3.47900009155273,2.9779999256134
117,MD,MD,Minor,Male,2006,0.0,0.0,0.0,21,27.9222,..,..,20.8,16.6,18.7,13.3,309.62,149.985,..,5.79699993133545,8.96700000762939,7.38000011444092,27.9222,..,..,20.8,16.6,18.7,13.3,309.62,149.985,..,5.79699993133545,8.96700000762939,7.38000011444092
118,MD,MD,Minor,Male,2007,0.0,0.0,0.0,40,27.164,..,..,20.1,16,18.1,13.1,307.5,148.953,..,3.87700009346008,6.24100017547607,5.07000017166138,27.164,..,..,20.1,16,18.1,13.1,307.5,148.953,..,3.87700009346008,6.24100017547607,5.07000017166138
119,MD,MD,Minor,Male,2008,0.0,0.0,0.0,48,26.8846,..,..,19.6,15.6,17.7,12.9,296.118,139.596,..,3.36899995803833,4.56599998474121,3.98000001907349,26.8846,..,..,19.6,15.6,17.7,12.9,296.118,139.596,..,3.36899995803833,4.56599998474121,3.98000001907349
120,MD,MD,Minor,Male,2009,0.0,0.0,0.0,61,26.6052,..,..,19.3,15.3,17.3,12.8,284.737,130.238,..,4.88500022888184,7.82200002670288,6.40000009536743,26.6052,..,..,19.3,15.3,17.3,12.8,284.737,130.238,..,4.88500022888184,7.82200002670288,6.40000009536743
121,MD,MD,Minor,Male,2013,0.0,0.0,0.0,185,25.0966,..,..,18,14.3,16.2,12,248.316,101.039,..,4.1399998664856,6.02299976348877,5.10400009155273,25.0966,..,..,18,14.3,16.2,12,248.316,101.039,..,4.1399998664856,6.02299976348877,5.10400009155273
122,MD,MD,Minor,Male,2014,0.0,0.0,0.0,97,24.4262,25,28.7,17.7,14.1,15.9,11.8,246.042,99.914,..,3.05999994277954,4.61299991607666,3.85599994659424,24.4262,25,28.7,17.7,14.1,15.9,11.8,246.042,99.914,..,3.05999994277954,4.61299991607666,3.85599994659424
123,MD,MD,Minor,Male,2015,0.0,0.0,0.0,164,23.7558,..,..,17.3,13.8,15.6,11.6,243.767,98.788,..,2.92000007629395,4.44500017166138,3.69400000572205,23.7558,..,..,17.3,13.8,15.6,11.6,243.767,98.788,..,2.92000007629395,4.44500017166138,3.69400000572205
124,MD,MD,Minor,Male,2016,0.0,0.0,0.0,128,23.0854,..,..,16.9,13.5,15.3,11.4,241.492,97.662,..,2.88000011444092,5.44799995422363,4.18499994277954,23.0854,..,..,16.9,13.5,15.3,11.4,241.492,97.662,..,2.88000011444092,5.44799995422363,4.18499994277954
125,MD,MD,Minor,Male,2017,0.0,0.0,0.0,94,22.415,..,..,16.6,13.3,15,11.1,239.217,96.537,..,3.33899998664856,4.82299995422363,4.09800004959106,22.415,..,..,16.6,13.3,15,11.1,239.217,96.537,..,3.33899998664856,4.82299995422363,4.09800004959106
126,MD,MD,Minor,Male,2018,0.0,0.0,0.0,21,22.1802,..,..,16.3,13,14.7,10.9,237.424,95.579,..,2.47199988365173,3.47900009155273,2.9779999256134,22.1802,..,..,16.3,13,14.7,10.9,237.424,95.579,..,2.47199988365173,3.47900009155273,2.9779999256134
127,MG,MG,Adult,Female,2018,0.0,0.0,0.0,94,107.7374,..,..,56.9,47.6,52.3,20.5,232.545,181.739,..,1.72099995613098,1.65900003910065,1.68900001049042,107.7374,..,..,56.9,47.6,52.3,20.5,232.545,181.739,..,1.72099995613098,1.65900003910065,1.68900001049042
128,MK,RO,Adult,Female,2002,0.0,96.0,0.0,96,23.721,..,..,15.6,13.4,14.5,8.4,158.996,80.92,..,32.3040008544922,31.7049999237061,31.9400005340576,35.469,25.2,28.6,22.4,18,20.2,9.7,238.717,104.987,..,7.59100008010864,8.54599952697754,8.10999965667725
129,MK,RO,Adult,Female,2003,0.0,19.0,0.0,19,23.1162,..,..,15.3,13.1,14.2,8.5,156.519,80.593,..,36.2799987792969,36.9599990844727,36.689998626709,36.7016,25.5,28.9,22,17.7,19.9,9.5,234.802,102.524,..,6.375,7.42399978637695,6.94999980926514
130,MK,RO,Minor,Female,2002,0.0,25.0,0.0,25,23.721,..,..,15.6,13.4,14.5,8.4,158.996,80.92,..,32.3040008544922,31.7049999237061,31.9400005340576,35.469,25.2,28.6,22.4,18,20.2,9.7,238.717,104.987,..,7.59100008010864,8.54599952697754,8.10999965667725
131,MK,UA,Adult,Female,2002,0.0,54.0,0.0,54,23.721,..,..,15.6,13.4,14.5,8.4,158.996,80.92,..,32.3040008544922,31.7049999237061,31.9400005340576,29.279,..,..,18.5,14.8,16.7,10.1,382.749,140.47,..,9.76399993896484,10.4899997711182,10.1359996795654
132,MU,KH,Adult,Male,2016,0.0,0.0,0.0,20,26.2642,..,..,15.9,13.1,14.5,9.1,191.798,94.903,..,10.4219999313354,4.52500009536743,6.81400012969971,49.9048,..,..,33.5,26.5,30.1,16.3,205.317,138.694,..,0.851000010967255,0.58899998664856,0.716000020503998
133,MY,ID,Adult,Female,2005,11.0,0.0,11.0,11,12.8512,..,..,9,7.4,8.2,4,168.207,91.102,..,3.70499992370605,3.43499994277954,3.52999997138977,51.711,23.4,27,45.5,37.7,41.7,19.8,217.647,162.12,..,10.0530004501343,6.77299976348877,7.94500017166138
134,MY,ID,Adult,Female,2006,223.0,0.0,0.0,340,12.7986,..,..,8.9,7.3,8.1,4,168.732,90.02,..,3.39100003242493,3.28200006484985,3.3199999332428,51.608,..,..,43.6,36.1,40,19.3,217.883,160.414,..,9.28999996185303,6.58799982070923,7.55100011825562
135,MY,ID,Adult,Female,2007,0.0,0.0,0.0,93,12.746,..,..,8.9,7.3,8.1,4,169.258,88.938,..,3.4449999332428,3.11400008201599,3.23000001907349,51.505,22.3,26.9,41.9,34.6,38.3,18.9,218.119,158.709,8.5,9.91100025177002,6.95300006866455,8.0600004196167
136,MY,ID,Adult,Female,2014,36.0,0.0,0.0,36,13.255,..,..,8.7,7.3,8,4.1,159.946,86.445,..,3.22199988365173,2.67199993133545,2.88000011444092,49.2346,..,..,31.9,25.8,28.9,15.2,206.941,147.893,..,3.88299989700317,4.15000009536743,4.04899978637695
137,MY,ID,Adult,Male,2014,30.0,0.0,0.0,30,13.255,..,..,8.7,7.3,8,4.1,159.946,86.445,..,3.22199988365173,2.67199993133545,2.88000011444092,49.2346,..,..,31.9,25.8,28.9,15.2,206.941,147.893,..,3.88299989700317,4.15000009536743,4.04899978637695
138,MY,ID,Minor,Female,2006,14.0,0.0,0.0,30,12.7986,..,..,8.9,7.3,8.1,4,168.732,90.02,..,3.39100003242493,3.28200006484985,3.3199999332428,51.608,..,..,43.6,36.1,40,19.3,217.883,160.414,..,9.28999996185303,6.58799982070923,7.55100011825562
139,MY,ID,Minor,Female,2007,0.0,0.0,0.0,13,12.746,..,..,8.9,7.3,8.1,4,169.258,88.938,..,3.4449999332428,3.11400008201599,3.23000001907349,51.505,22.3,26.9,41.9,34.6,38.3,18.9,218.119,158.709,8.5,9.91100025177002,6.95300006866455,8.0600004196167
140,MY,KH,Adult,Female,2017,16.0,0.0,0.0,64,13.414,..,..,8.9,7.6,8.3,4.4,154.826,82.732,..,3.92700004577637,3.08999991416931,3.41000008583069,50.177,..,..,32,25.4,28.8,15.7,202.166,134.547,..,0.813000023365021,0.560000002384186,0.683000028133392
141,MY,KH,Adult,Male,2016,0.0,0.0,0.0,23,13.361,..,..,8.8,7.5,8.2,4.3,156.532,83.97,..,3.92899990081787,3.13700008392334,3.44000005722046,49.9048,..,..,33.5,26.5,30.1,16.3,205.317,138.694,..,0.851000010967255,0.58899998664856,0.716000020503998
142,MY,KH,Adult,Male,2017,0.0,0.0,0.0,33,13.414,..,..,8.9,7.6,8.3,4.4,154.826,82.732,..,3.92700004577637,3.08999991416931,3.41000008583069,50.177,..,..,32,25.4,28.8,15.7,202.166,134.547,..,0.813000023365021,0.560000002384186,0.683000028133392
143,MY,PH,unknown,Female,2016,0.0,28.0,39.0,67,13.361,..,..,8.8,7.5,8.2,4.3,156.532,83.97,..,3.92899990081787,3.13700008392334,3.44000005722046,54.779,..,..,32.3,26.1,29.3,14.3,260.571,135.647,..,2.86999988555908,2.6029999256134,2.70799994468689
144,MY,PH,unknown,Male,2016,49.0,0.0,33.0,82,13.361,..,..,8.8,7.5,8.2,4.3,156.532,83.97,..,3.92899990081787,3.13700008392334,3.44000005722046,54.779,..,..,32.3,26.1,29.3,14.3,260.571,135.647,..,2.86999988555908,2.6029999256134,2.70799994468689
145,MY,VN,Adult,Female,2017,0.0,97.0,0.0,97,13.414,..,..,8.9,7.6,8.3,4.4,154.826,82.732,..,3.92700004577637,3.08999991416931,3.41000008583069,30.929,..,..,24.3,17.2,20.8,11,178.38,64.966,..,1.88199996948242,2.21000003814697,2.05299997329712
146,MY,VN,unknown,Female,2017,0.0,11.0,0.0,11,13.414,..,..,8.9,7.6,8.3,4.4,154.826,82.732,..,3.92700004577637,3.08999991416931,3.41000008583069,30.929,..,..,24.3,17.2,20.8,11,178.38,64.966,..,1.88199996948242,2.21000003814697,2.05299997329712
147,OM,ID,Adult,Female,2014,94.0,0.0,0.0,94,14.2182,..,..,12.3,10.1,11.2,5.2,111.733,70.132,..,12.96399974823,2.48000001907349,3.8970000743866,49.2346,..,..,31.9,25.8,28.9,15.2,206.941,147.893,..,3.88299989700317,4.15000009536743,4.04899978637695
148,PH,PH,Adult,Male,2016,13.0,0.0,0.0,13,54.779,..,..,32.3,26.1,29.3,14.3,260.571,135.647,..,2.86999988555908,2.6029999256134,2.70799994468689,54.779,..,..,32.3,26.1,29.3,14.3,260.571,135.647,..,2.86999988555908,2.6029999256134,2.70799994468689
149,PH,PH,unknown,Female,2016,586.0,120.0,611.0,1369,54.779,..,..,32.3,26.1,29.3,14.3,260.571,135.647,..,2.86999988555908,2.6029999256134,2.70799994468689,54.779,..,..,32.3,26.1,29.3,14.3,260.571,135.647,..,2.86999988555908,2.6029999256134,2.70799994468689
150,PH,PH,unknown,Male,2016,191.0,0.0,369.0,606,54.779,..,..,32.3,26.1,29.3,14.3,260.571,135.647,..,2.86999988555908,2.6029999256134,2.70799994468689,54.779,..,..,32.3,26.1,29.3,14.3,260.571,135.647,..,2.86999988555908,2.6029999256134,2.70799994468689
151,PL,BY,Adult,Female,2006,0.0,12.0,0.0,12,15.8508,..,..,8,6.6,7.3,4.4,205.685,79.208,..,14.923999786377,12.9549999237061,13.8409996032715,22.7102,..,..,8.8,6.8,7.8,3,355.849,122.46,..,6.15399980545044,9.1899995803833,7.68900012969971
152,PL,UA,Adult,Female,2006,41.0,68.0,0.0,109,15.8508,..,..,8,6.6,7.3,4.4,205.685,79.208,..,14.923999786377,12.9549999237061,13.8409996032715,30.1846,..,..,15.4,12.4,13.9,8.4,384.568,142.426,..,6.60200023651123,7.00299978256226,6.80999994277954
153,PL,UA,Adult,Female,2007,0.0,86.0,0.0,86,15.941,..,..,7.7,6.4,7,4.2,205.691,78.935,..,10.3430004119873,8.99899959564209,9.60200023651123,30.411,23.1,25.9,14.8,11.9,13.4,8,396.138,146.547,4.2,5.99499988555908,6.67899990081787,6.35099983215332
154,PL,UA,Adult,Female,2010,37.0,0.0,0.0,37,14.9762,..,..,6.5,5.4,6,3.6,187.605,71.02,..,10.0209999084473,9.32299995422363,9.63700008392334,28.9362,..,..,12.9,10.5,11.7,7,309.172,118.251,..,6.81500005722046,9.29300022125244,8.10000038146973
155,PL,UA,Adult,Female,2011,15.0,0.0,0.0,15,14.6546,26.6,28.7,6.2,5.1,5.7,3.4,183.327,69.818,..,10.3970003128052,9.00699996948242,9.63199996948242,28.4446,..,..,12.3,10,11.2,6.7,295.993,111.607,..,6.67899990081787,8.92399978637695,7.85099983215332
156,PL,UA,Adult,Female,2015,12.0,0.0,0.0,12,12.056,..,..,5.3,4.4,4.8,2.9,163.904,63.434,..,7.71000003814697,7.33099985122681,7.50099992752075,25.4078,..,..,10.4,8.5,9.5,5.7,..,..,..,8.07699966430664,10.0959997177124,9.14000034332275
157,PL,UA,Adult,Female,2016,40.0,0.0,0.0,40,11.297,..,..,5.1,4.3,4.7,2.8,160.653,61.842,..,6.22599983215332,6.10799980163574,6.16099977493286,24.5594,..,..,10.1,8.2,9.2,5.5,..,..,..,7.69299983978271,10.8339996337891,9.35000038146973
158,PL,UA,Adult,Male,2006,15.0,0.0,0.0,15,15.8508,..,..,8,6.6,7.3,4.4,205.685,79.208,..,14.923999786377,12.9549999237061,13.8409996032715,30.1846,..,..,15.4,12.4,13.9,8.4,384.568,142.426,..,6.60200023651123,7.00299978256226,6.80999994277954
159,QA,ID,Adult,Female,2014,152.0,0.0,0.0,152,10.7296,..,..,8.8,7.5,8.1,4.1,66.66,47.492,..,1.04999995231628,0.0710000023245811,0.200000002980232,49.2346,..,..,31.9,25.8,28.9,15.2,206.941,147.893,..,3.88299989700317,4.15000009536743,4.04899978637695
160,QA,PH,unknown,Female,2016,42.0,0.0,33.0,75,10.1912,..,..,8,6.9,7.5,3.8,64.592,46.334,..,0.717000007629395,0.0610000006854534,0.150000005960464,54.779,..,..,32.3,26.1,29.3,14.3,260.571,135.647,..,2.86999988555908,2.6029999256134,2.70799994468689
161,QA,PH,unknown,Male,2016,0.0,0.0,12.0,12,10.1912,..,..,8,6.9,7.5,3.8,64.592,46.334,..,0.717000007629395,0.0610000006854534,0.150000005960464,54.779,..,..,32.3,26.1,29.3,14.3,260.571,135.647,..,2.86999988555908,2.6029999256134,2.70799994468689
162,RO,RO,Adult,Female,2005,38.0,100.0,0.0,113,39.1668,25.7,29,20.2,16.1,18.2,8.5,226.972,97.598,..,6.42700004577637,7.7810001373291,7.17399978637695,39.1668,25.7,29,20.2,16.1,18.2,8.5,226.972,97.598,..,6.42700004577637,7.7810001373291,7.17399978637695
163,RO,RO,Adult,Female,2006,0.0,0.0,0.0,95,40.3994,25.9,29.2,18.5,14.9,16.7,7.8,223.057,95.134,..,6.10900020599365,8.21599960327148,7.26900005340576,40.3994,25.9,29.2,18.5,14.9,16.7,7.8,223.057,95.134,..,6.10900020599365,8.21599960327148,7.26900005340576
164,RO,RO,Adult,Female,2007,0.0,0.0,0.0,37,41.632,26.1,29.3,16.8,13.5,15.2,6.9,219.142,92.671,..,5.40799999237061,7.22800016403198,6.41300010681152,41.632,26.1,29.3,16.8,13.5,15.2,6.9,219.142,92.671,..,5.40799999237061,7.22800016403198,6.41300010681152
165,RO,RO,Minor,Female,2006,0.0,0.0,0.0,14,40.3994,25.9,29.2,18.5,14.9,16.7,7.8,223.057,95.134,..,6.10900020599365,8.21599960327148,7.26900005340576,40.3994,25.9,29.2,18.5,14.9,16.7,7.8,223.057,95.134,..,6.10900020599365,8.21599960327148,7.26900005340576
166,RS,MD,Adult,Female,2002,0.0,159.0,0.0,159,25.592,25.9,29.8,12.7,10.1,11.5,7,199.279,101.307,..,15.7320003509521,12.3459997177124,13.8000001907349,30.955,..,..,28.3,22.6,25.5,17.3,318.099,154.111,..,5.55499982833862,8.1230001449585,6.80000019073486
167,RS,RO,Adult,Female,2002,0.0,49.0,0.0,49,25.592,25.9,29.8,12.7,10.1,11.5,7,199.279,101.307,..,15.7320003509521,12.3459997177124,13.8000001907349,35.469,25.2,28.6,22.4,18,20.2,9.7,238.717,104.987,..,7.59100008010864,8.54599952697754,8.10999965667725
168,RS,RO,Minor,Female,2002,0.0,13.0,0.0,13,25.592,25.9,29.8,12.7,10.1,11.5,7,199.279,101.307,..,15.7320003509521,12.3459997177124,13.8000001907349,35.469,25.2,28.6,22.4,18,20.2,9.7,238.717,104.987,..,7.59100008010864,8.54599952697754,8.10999965667725
169,RS,UA,Adult,Female,2002,0.0,27.0,0.0,27,25.592,25.9,29.8,12.7,10.1,11.5,7,199.279,101.307,..,15.7320003509521,12.3459997177124,13.8000001907349,29.279,..,..,18.5,14.8,16.7,10.1,382.749,140.47,..,9.76399993896484,10.4899997711182,10.1359996795654
170,RU,BY,Adult,Female,2004,0.0,21.0,0.0,21,28.425,..,..,16.8,12.9,14.9,6.8,463.583,172.351,..,7.51700019836426,8,7.76300001144409,23.5006,..,..,10.5,7.9,9.2,4,362.612,128.963,..,7.5479998588562,10.7749996185303,9.18599987030029
171,RU,BY,Adult,Female,2005,25.0,86.0,0.0,86,28.831,..,..,15.5,11.9,13.8,6.4,464.707,172.552,..,6.93400001525879,7.30700016021729,7.12400007247925,23.1054,22.7,..,9.6,7.3,8.5,3.5,369.192,127.967,..,6.83400011062622,10.0430002212524,8.46000003814697
172,RU,BY,Adult,Female,2006,43.0,41.0,0.0,72,29.237,..,..,14.3,11.1,12.8,5.9,427.15,157.269,..,6.68599987030029,7.41400003433228,7.05499982833862,22.7102,..,..,8.8,6.8,7.8,3,355.849,122.46,..,6.15399980545044,9.1899995803833,7.68900012969971
173,RU,BY,Adult,Female,2007,0.0,11.0,0.0,11,29.643,..,..,13.3,10.4,11.9,5.4,400.361,147.303,..,5.64200019836426,6.35200023651123,6.0019998550415,22.315,..,..,8.1,6.2,7.2,2.5,332.936,115.608,..,5.49700021743774,8.4379997253418,6.98199987411499
174,RU,BY,Adult,Female,2008,0.0,11.0,0.0,11,28.9984,..,..,12.5,9.8,11.2,5,394.27,145.778,..,5.94299983978271,6.45499992370605,6.20499992370605,22.1266,..,..,7.4,5.7,6.6,2.2,334.107,111.707,..,4.99300003051758,7.7649998664856,6.39099979400635
175,RU,BY,Adult,Female,2010,0.0,14.0,0.0,14,27.7092,24.4,27,11.5,9.1,10.4,4.4,365.448,136.446,..,6.83500003814697,7.8769998550415,7.36899995803833,21.7498,..,..,6.2,4.8,5.5,1.8,334.194,112.143,..,4.74100017547607,7.49100017547607,6.12599992752075
176,RU,BY,Adult,Male,2005,94.0,0.0,0.0,94,28.831,..,..,15.5,11.9,13.8,6.4,464.707,172.552,..,6.93400001525879,7.30700016021729,7.12400007247925,23.1054,22.7,..,9.6,7.3,8.5,3.5,369.192,127.967,..,6.83400011062622,10.0430002212524,8.46000003814697
177,RU,BY,Adult,Male,2006,149.0,0.0,0.0,149,29.237,..,..,14.3,11.1,12.8,5.9,427.15,157.269,..,6.68599987030029,7.41400003433228,7.05499982833862,22.7102,..,..,8.8,6.8,7.8,3,355.849,122.46,..,6.15399980545044,9.1899995803833,7.68900012969971
178,RU,BY,Adult,Male,2011,25.0,0.0,0.0,25,27.0646,..,..,11.2,8.9,10.1,4.6,346.714,129.735,..,6.08599996566772,6.96400022506714,6.53599977493286,21.5614,..,..,5.7,4.5,5.1,1.8,336.426,114.383,..,4.63399982452393,7.54199981689453,6.09800004959106
179,RU,BY,Adult,Male,2015,84.0,0.0,0.0,84,22.9874,..,..,9.1,7.3,8.2,3.9,..,..,..,5.30900001525879,5.81699991226196,5.57100009918213,17.2534,..,..,4.5,3.5,4,1.6,245.384,82.36,..,4.26200008392334,7.54400014877319,5.91400003433228
180,RU,BY,Adult,Male,2016,114.0,0.0,0.0,114,21.8432,..,..,8.3,6.7,7.5,3.5,..,..,..,5.34800004959106,5.75699996948242,5.55900001525879,15.8802,..,..,4.3,3.3,3.8,1.5,234.903,82.559,..,4.18599987030029,7.47300004959106,5.84000015258789
181,RU,BY,Adult,Male,2017,30.0,0.0,0.0,30,20.699,..,..,7.6,6.2,6.9,3.2,..,..,..,5.05100011825562,5.36399984359741,5.21199989318848,14.507,..,..,4.1,3.2,3.6,1.4,..,..,..,4.03900003433228,7.22800016403198,5.65000009536743
182,RU,BY,Minor,Female,2004,0.0,11.0,0.0,11,28.425,..,..,16.8,12.9,14.9,6.8,463.583,172.351,..,7.51700019836426,8,7.76300001144409,23.5006,..,..,10.5,7.9,9.2,4,362.612,128.963,..,7.5479998588562,10.7749996185303,9.18599987030029
183,RU,BY,Minor,Female,2005,0.0,16.0,0.0,16,28.831,..,..,15.5,11.9,13.8,6.4,464.707,172.552,..,6.93400001525879,7.30700016021729,7.12400007247925,23.1054,22.7,..,9.6,7.3,8.5,3.5,369.192,127.967,..,6.83400011062622,10.0430002212524,8.46000003814697
184,RU,BY,Minor,Male,2005,13.0,0.0,0.0,13,28.831,..,..,15.5,11.9,13.8,6.4,464.707,172.552,..,6.93400001525879,7.30700016021729,7.12400007247925,23.1054,22.7,..,9.6,7.3,8.5,3.5,369.192,127.967,..,6.83400011062622,10.0430002212524,8.46000003814697
185,RU,KG,Adult,Female,2015,17.0,0.0,0.0,17,22.9874,..,..,9.1,7.3,8.2,3.9,..,..,..,5.30900001525879,5.81699991226196,5.57100009918213,37.265,..,..,24.8,19.8,22.3,14.7,229.295,102.292,..,9.02400016784668,6.54300022125244,7.55999994277954
186,RU,KG,Adult,Male,2010,44.0,0.0,0.0,44,27.7092,24.4,27,11.5,9.1,10.4,4.4,365.448,136.446,..,6.83500003814697,7.8769998550415,7.36899995803833,38.3092,..,..,32.7,26.2,29.5,17.2,273.822,123.804,..,9.9399995803833,7.71000003814697,8.64000034332275
187,RU,KG,Adult,Male,2014,60.0,0.0,0.0,60,24.1316,..,..,9.9,7.9,8.9,4.4,321.526,120.336,..,4.82100009918213,5.48000001907349,5.15999984741211,39.516,21.2,..,26,20.8,23.5,15.2,237.716,105.916,..,9.49199962615967,7.0310001373291,8.05000019073486
188,RU,KG,Adult,Male,2015,51.0,0.0,0.0,51,22.9874,..,..,9.1,7.3,8.2,3.9,..,..,..,5.30900001525879,5.81699991226196,5.57100009918213,37.265,..,..,24.8,19.8,22.3,14.7,229.295,102.292,..,9.02400016784668,6.54300022125244,7.55999994277954
189,RU,KG,Adult,Male,2016,20.0,0.0,0.0,20,21.8432,..,..,8.3,6.7,7.5,3.5,..,..,..,5.34800004959106,5.75699996948242,5.55900001525879,35.014,..,..,23.5,18.8,21.2,14.1,220.873,98.667,..,8.73799991607666,6.17899990081787,7.21000003814697
190,RU,NG,Adult,Female,2015,0.0,108.0,0.0,108,22.9874,..,..,9.1,7.3,8.2,3.9,..,..,..,5.30900001525879,5.81699991226196,5.57100009918213,111.218,..,..,133.6,119.7,126.8,37.1,374.769,337.66,31.5,5.10599994659424,3.66000008583069,4.31099987030029
191,RU,UA,Adult,Female,2005,14.0,14.0,0.0,14,28.831,..,..,15.5,11.9,13.8,6.4,464.707,172.552,..,6.93400001525879,7.30700016021729,7.12400007247925,29.9582,23.9,..,16,12.9,14.5,8.7,403.431,150.196,..,6.82200002670288,7.51100015640259,7.17999982833862
192,RU,UA,Adult,Female,2006,0.0,88.0,0.0,88,29.237,..,..,14.3,11.1,12.8,5.9,427.15,157.269,..,6.68599987030029,7.41400003433228,7.05499982833862,30.1846,..,..,15.4,12.4,13.9,8.4,384.568,142.426,..,6.60200023651123,7.00299978256226,6.80999994277954
193,RU,UA,Adult,Female,2007,44.0,46.0,0.0,73,29.643,..,..,13.3,10.4,11.9,5.4,400.361,147.303,..,5.64200019836426,6.35200023651123,6.0019998550415,30.411,23.1,25.9,14.8,11.9,13.4,8,396.138,146.547,4.2,5.99499988555908,6.67899990081787,6.35099983215332
194,RU,UA,Adult,Female,2009,0.0,0.0,0.0,24,28.3538,..,..,11.9,9.4,10.7,4.6,369.933,138.365,..,7.67000007629395,8.9069995880127,8.30099964141846,29.4278,..,..,13.6,11,12.3,7.4,334.021,127.738,..,7.29899978637695,10.2740001678467,8.84000015258789
195,RU,UA,Adult,Female,2010,13.0,11.0,0.0,24,27.7092,24.4,27,11.5,9.1,10.4,4.4,365.448,136.446,..,6.83500003814697,7.8769998550415,7.36899995803833,28.9362,..,..,12.9,10.5,11.7,7,309.172,118.251,..,6.81500005722046,9.29300022125244,8.10000038146973
196,RU,UA,Adult,Female,2011,11.0,0.0,0.0,11,27.0646,..,..,11.2,8.9,10.1,4.6,346.714,129.735,..,6.08599996566772,6.96400022506714,6.53599977493286,28.4446,..,..,12.3,10,11.2,6.7,295.993,111.607,..,6.67899990081787,8.92399978637695,7.85099983215332
197,RU,UA,Adult,Female,2013,53.0,0.0,0.0,53,25.2758,..,..,10.5,8.4,9.5,4.8,321.874,120.12,..,5.13500022888184,5.76300001144409,5.45800018310547,27.1046,..,..,11.2,9.1,10.2,6.1,292.069,111.279,..,6.21600008010864,8.03499984741211,7.17000007629395
198,RU,UA,Adult,Female,2014,16.0,0.0,0.0,27,24.1316,..,..,9.9,7.9,8.9,4.4,321.526,120.336,..,4.82100009918213,5.48000001907349,5.15999984741211,26.2562,..,..,10.8,8.8,9.8,5.9,..,..,..,7.51599979400635,10.8439998626709,9.27000045776367
199,RU,UA,Adult,Female,2015,109.0,0.0,0.0,109,22.9874,..,..,9.1,7.3,8.2,3.9,..,..,..,5.30900001525879,5.81699991226196,5.57100009918213,25.4078,..,..,10.4,8.5,9.5,5.7,..,..,..,8.07699966430664,10.0959997177124,9.14000034332275
200,RU,UA,Adult,Female,2016,29.0,0.0,0.0,29,21.8432,..,..,8.3,6.7,7.5,3.5,..,..,..,5.34800004959106,5.75699996948242,5.55900001525879,24.5594,..,..,10.1,8.2,9.2,5.5,..,..,..,7.69299983978271,10.8339996337891,9.35000038146973
201,RU,UA,Adult,Male,2005,11.0,0.0,0.0,11,28.831,..,..,15.5,11.9,13.8,6.4,464.707,172.552,..,6.93400001525879,7.30700016021729,7.12400007247925,29.9582,23.9,..,16,12.9,14.5,8.7,403.431,150.196,..,6.82200002670288,7.51100015640259,7.17999982833862
202,RU,UA,Adult,Male,2006,74.0,0.0,0.0,74,29.237,..,..,14.3,11.1,12.8,5.9,427.15,157.269,..,6.68599987030029,7.41400003433228,7.05499982833862,30.1846,..,..,15.4,12.4,13.9,8.4,384.568,142.426,..,6.60200023651123,7.00299978256226,6.80999994277954
203,RU,UA,Adult,Male,2007,147.0,0.0,0.0,147,29.643,..,..,13.3,10.4,11.9,5.4,400.361,147.303,..,5.64200019836426,6.35200023651123,6.0019998550415,30.411,23.1,25.9,14.8,11.9,13.4,8,396.138,146.547,4.2,5.99499988555908,6.67899990081787,6.35099983215332
204,RU,UA,Adult,Male,2009,15.0,0.0,0.0,15,28.3538,..,..,11.9,9.4,10.7,4.6,369.933,138.365,..,7.67000007629395,8.9069995880127,8.30099964141846,29.4278,..,..,13.6,11,12.3,7.4,334.021,127.738,..,7.29899978637695,10.2740001678467,8.84000015258789
205,RU,UA,Adult,Male,2010,98.0,0.0,0.0,98,27.7092,24.4,27,11.5,9.1,10.4,4.4,365.448,136.446,..,6.83500003814697,7.8769998550415,7.36899995803833,28.9362,..,..,12.9,10.5,11.7,7,309.172,118.251,..,6.81500005722046,9.29300022125244,8.10000038146973
206,RU,UA,Adult,Male,2011,115.0,0.0,0.0,115,27.0646,..,..,11.2,8.9,10.1,4.6,346.714,129.735,..,6.08599996566772,6.96400022506714,6.53599977493286,28.4446,..,..,12.3,10,11.2,6.7,295.993,111.607,..,6.67899990081787,8.92399978637695,7.85099983215332
207,RU,UA,Adult,Male,2013,121.0,0.0,0.0,121,25.2758,..,..,10.5,8.4,9.5,4.8,321.874,120.12,..,5.13500022888184,5.76300001144409,5.45800018310547,27.1046,..,..,11.2,9.1,10.2,6.1,292.069,111.279,..,6.21600008010864,8.03499984741211,7.17000007629395
208,RU,UA,Adult,Male,2014,53.0,0.0,0.0,53,24.1316,..,..,9.9,7.9,8.9,4.4,321.526,120.336,..,4.82100009918213,5.48000001907349,5.15999984741211,26.2562,..,..,10.8,8.8,9.8,5.9,..,..,..,7.51599979400635,10.8439998626709,9.27000045776367
209,RU,UA,Adult,Male,2015,207.0,0.0,0.0,207,22.9874,..,..,9.1,7.3,8.2,3.9,..,..,..,5.30900001525879,5.81699991226196,5.57100009918213,25.4078,..,..,10.4,8.5,9.5,5.7,..,..,..,8.07699966430664,10.0959997177124,9.14000034332275
210,RU,UA,Adult,Male,2016,253.0,0.0,0.0,253,21.8432,..,..,8.3,6.7,7.5,3.5,..,..,..,5.34800004959106,5.75699996948242,5.55900001525879,24.5594,..,..,10.1,8.2,9.2,5.5,..,..,..,7.69299983978271,10.8339996337891,9.35000038146973
211,RU,UA,Adult,Male,2017,130.0,0.0,0.0,130,20.699,..,..,7.6,6.2,6.9,3.2,..,..,..,5.05100011825562,5.36399984359741,5.21199989318848,23.711,..,..,9.8,8,8.9,5.3,..,..,..,7.74700021743774,11.0860004425049,9.51000022888184
212,RU,UZ,Adult,Male,2017,0.0,0.0,0.0,11,20.699,..,..,7.6,6.2,6.9,3.2,..,..,..,5.05100011825562,5.36399984359741,5.21199989318848,23.79,..,..,22.3,16.8,19.6,11.2,170.549,101.845,..,5.61100006103516,5.98199987411499,5.82999992370605
213,SA,AF,Minor,Male,2015,14.0,0.0,0.0,14,8.5584,..,..,8.9,8,8.4,4.7,97.496,78.452,..,21.6569995880127,2.47199988365173,5.59000015258789,81.693,21.5,24.7,74,66.7,70.4,40.3,248.724,206.746,12.1,14.4270000457764,10.6840000152588,11.3870000839233
214,SA,ID,Adult,Female,2014,154.0,0.0,0.0,154,9.1756,..,..,9.5,8.6,9.1,5,98.601,79.639,..,21.7229995727539,2.77800011634827,5.71999979019165,49.2346,..,..,31.9,25.8,28.9,15.2,206.941,147.893,..,3.88299989700317,4.15000009536743,4.04899978637695
215,SA,ID,Adult,Female,2016,29.0,0.0,0.0,29,7.9412,27.1,30.5,8.3,7.4,7.9,4.4,96.391,77.266,..,21.173999786377,2.51900005340576,5.65000009536743,47.9942,..,..,29.5,23.8,26.7,13.9,203.988,143.435,..,3.86500000953674,4.57200002670288,4.30100011825562
216,SA,KE,Adult,Female,2017,42.0,42.0,0.0,21,7.324,26.6,30,7.7,7,7.4,4.1,95.287,76.08,..,20.3320007324219,3.07399988174438,5.8899998664856,75.078,..,..,50.3,42.4,46.4,21.9,252.222,174.376,..,2.85899996757507,2.53900003433228,2.6949999332428
217,SA,PH,unknown,Female,2016,44.0,0.0,0.0,60,7.9412,27.1,30.5,8.3,7.4,7.9,4.4,96.391,77.266,..,21.173999786377,2.51900005340576,5.65000009536743,54.779,..,..,32.3,26.1,29.3,14.3,260.571,135.647,..,2.86999988555908,2.6029999256134,2.70799994468689
218,SG,ID,Adult,Female,2014,37.0,0.0,0.0,37,3.7574,..,..,2.9,2.5,2.7,1,66.171,38.615,..,4.11199998855591,3.4779999256134,3.74000000953674,49.2346,..,..,31.9,25.8,28.9,15.2,206.941,147.893,..,3.88299989700317,4.15000009536743,4.04899978637695
219,SL,SL,Adult,Female,2018,0.0,0.0,0.0,16,110.2282,..,..,119.6,107.2,113.5,31.8,392.263,353.346,..,3.62400007247925,5.2020001411438,4.41699981689453,110.2282,..,..,119.6,107.2,113.5,31.8,392.263,353.346,..,3.62400007247925,5.2020001411438,4.41699981689453
220,SL,SL,Minor,Female,2008,0.0,0.0,0.0,40,142.1864,20.5,26.2,182.9,168.1,175.7,42.1,446.677,433.448,34,2.59999990463257,4.63800001144409,3.62700009346008,142.1864,20.5,26.2,182.9,168.1,175.7,42.1,446.677,433.448,34,2.59999990463257,4.63800001144409,3.62700009346008
221,SL,SL,Minor,Male,2008,0.0,0.0,0.0,25,142.1864,20.5,26.2,182.9,168.1,175.7,42.1,446.677,433.448,34,2.59999990463257,4.63800001144409,3.62700009346008,142.1864,20.5,26.2,182.9,168.1,175.7,42.1,446.677,433.448,34,2.59999990463257,4.63800001144409,3.62700009346008
222,SN,BF,Adult,Male,2010,0.0,0.0,0.0,14,87.5702,..,..,71,61.4,66.3,26.8,241.8,182,..,13.9670000076294,8.18900012969971,10.3450002670288,121.1052,19.5,25.3,126.7,116.4,121.7,30.9,296.047,265.826,23.6,6.20900011062622,3.55900001525879,4.71700000762939
223,SN,BF,Minor,Male,2010,0.0,0.0,0.0,19,87.5702,..,..,71,61.4,66.3,26.8,241.8,182,..,13.9670000076294,8.18900012969971,10.3450002670288,121.1052,19.5,25.3,126.7,116.4,121.7,30.9,296.047,265.826,23.6,6.20900011062622,3.55900001525879,4.71700000762939
224,SN,CI,Minor,Male,2007,0.0,0.0,0.0,31,93.524,..,..,84.5,74.3,79.5,29.7,255,203.001,..,13.5539999008179,7.80000019073486,9.85200023651123,131.954,..,..,128.5,107.1,118.1,40.9,445.448,415.695,..,5.56899976730347,5.70499992370605,5.65399980545044
225,SN,GN,Minor,Male,2008,0.0,0.0,0.0,15,91.5394,..,..,79.4,69.4,74.5,28.6,250.6,196.001,..,13.4060001373291,7.75699996948242,9.80200004577637,153.4778,..,..,130.3,116.8,123.6,35.9,318.8,280.4,..,3.20499992370605,5.36399984359741,4.19899988174438
226,SN,GW,Minor,Male,2007,21.0,0.0,0.0,85,93.524,..,..,84.5,74.3,79.5,29.7,255,203.001,..,13.5539999008179,7.80000019073486,9.85200023651123,120.13,..,..,139.8,122,131.1,48.2,318.634,273.923,..,2.17000007629395,2.68199992179871,2.43600010871887
227,SN,GW,Minor,Male,2010,0.0,0.0,0.0,60,87.5702,..,..,71,61.4,66.3,26.8,241.8,182,..,13.9670000076294,8.18900012969971,10.3450002670288,112.732,21.7,..,120.9,105.1,113.1,44.2,312.55,262.69,..,2.39800000190735,2.89499998092651,2.65599989891052
228,SN,ML,Minor,Female,2007,0.0,0.0,0.0,19,93.524,..,..,84.5,74.3,79.5,29.7,255,203.001,..,13.5539999008179,7.80000019073486,9.85200023651123,185.469,..,..,151.8,138.5,145.3,41.5,300.865,282,..,12.9670000076294,10.7440004348755,11.710000038147
229,SN,ML,Minor,Male,2010,0.0,0.0,0.0,26,87.5702,..,..,71,61.4,66.3,26.8,241.8,182,..,13.9670000076294,8.18900012969971,10.3450002670288,181.5306,19.2,..,136.4,123.8,130.3,38.8,295.666,276,..,10.8940000534058,5.9229998588562,8.06999969482422
230,SN,NE,Minor,Male,2010,0.0,0.0,0.0,31,87.5702,..,..,71,61.4,66.3,26.8,241.8,182,..,13.9670000076294,8.18900012969971,10.3450002670288,204.293,..,..,126.3,117.9,122.2,30.5,281.462,253.062,..,0.538999974727631,0.620000004768372,0.583999991416931
231,SN,SN,Minor,Male,2007,0.0,0.0,0.0,14,93.524,..,..,84.5,74.3,79.5,29.7,255,203.001,..,13.5539999008179,7.80000019073486,9.85200023651123,93.524,..,..,84.5,74.3,79.5,29.7,255,203.001,..,13.5539999008179,7.80000019073486,9.85200023651123
232,SN,SN,Minor,Male,2008,12.0,0.0,0.0,12,91.5394,..,..,79.4,69.4,74.5,28.6,250.6,196.001,..,13.4060001373291,7.75699996948242,9.80200004577637,91.5394,..,..,79.4,69.4,74.5,28.6,250.6,196.001,..,13.4060001373291,7.75699996948242,9.80200004577637
233,SN,SN,Minor,Male,2010,0.0,0.0,0.0,44,87.5702,..,..,71,61.4,66.3,26.8,241.8,182,..,13.9670000076294,8.18900012969971,10.3450002670288,87.5702,..,..,71,61.4,66.3,26.8,241.8,182,..,13.9670000076294,8.18900012969971,10.3450002670288
234,SY,ID,Adult,Female,2014,41.0,0.0,0.0,41,41.4096,..,..,25.7,22,23.9,10.4,279.754,83.974,..,21.3549995422363,6.16800022125244,8.58100032806396,49.2346,..,..,31.9,25.8,28.9,15.2,206.941,147.893,..,3.88299989700317,4.15000009536743,4.04899978637695
235,TH,KH,Adult,Female,2017,0.0,0.0,0.0,13,44.908,..,..,10.8,8.8,9.9,5.8,199.348,91.148,..,0.845000028610229,0.818000018596649,0.829999983310699,50.177,..,..,32,25.4,28.8,15.7,202.166,134.547,..,0.813000023365021,0.560000002384186,0.683000028133392
236,TH,KH,Adult,Male,2016,0.0,0.0,0.0,76,46.239,..,..,11.4,9.2,10.3,6.1,201.685,92.452,..,0.71399998664856,0.666000008583069,0.688000023365021,49.9048,..,..,33.5,26.5,30.1,16.3,205.317,138.694,..,0.851000010967255,0.58899998664856,0.716000020503998
237,TH,KH,Adult,Male,2017,0.0,0.0,0.0,113,44.908,..,..,10.8,8.8,9.9,5.8,199.348,91.148,..,0.845000028610229,0.818000018596649,0.829999983310699,50.177,..,..,32,25.4,28.8,15.7,202.166,134.547,..,0.813000023365021,0.560000002384186,0.683000028133392
238,TH,KH,Minor,Female,2010,0.0,0.0,0.0,17,47.9138,24.9,28.5,15,12.1,13.6,8,215.513,104.838,..,0.621999979019165,0.620999991893768,0.621999979019165,48.0808,22,24.9,48.5,39.3,44,21.2,224.738,164.488,8.2,0.794000029563904,0.746999979019165,0.771000027656555
239,TH,KH,Minor,Male,2010,0.0,0.0,0.0,35,47.9138,24.9,28.5,15,12.1,13.6,8,215.513,104.838,..,0.621999979019165,0.620999991893768,0.621999979019165,48.0808,22,24.9,48.5,39.3,44,21.2,224.738,164.488,8.2,0.794000029563904,0.746999979019165,0.771000027656555
240,TH,LA,Minor,Female,2010,12.0,0.0,12.0,126,47.9138,24.9,28.5,15,12.1,13.6,8,215.513,104.838,..,0.621999979019165,0.620999991893768,0.621999979019165,69.4152,..,..,73.8,61.8,68,28.6,238.84,195.219,..,0.66100001335144,0.755999982357025,0.708000004291534
241,TH,unknown,unknown,Female,2018,0.0,11.0,0.0,11,44.6888,..,..,10.4,8.4,9.4,5.5,186.853,77.992,..,0.742999970912933,0.783999979496002,0.765999972820282,,,,,,,,,,,,,
242,TJ,BD,Adult,Male,2015,0.0,0.0,0.0,11,54.4168,..,..,42.1,33.2,37.7,16.2,164.587,104.843,..,10.4169998168945,12.1450004577637,11.5010004043579,85.2192,..,..,39.8,35.2,37.5,22.5,150.041,109.465,..,7.46700000762939,3.16100001335144,4.37799978256226
243,TJ,TJ,Adult,Female,2005,0.0,0.0,0.0,11,43.8044,22.9,..,61.6,49.6,55.8,23.1,189.48,127.06,..,11.8020000457764,13.6140003204346,12.9630002975464,43.8044,22.9,..,61.6,49.6,55.8,23.1,189.48,127.06,..,11.8020000457764,13.6140003204346,12.9630002975464
244,TJ,TJ,Adult,Male,2011,0.0,0.0,0.0,32,49.2628,..,..,46.4,36.6,41.6,19.3,170.686,111.308,..,10.539999961853,12.1979999542236,11.6140003204346,49.2628,..,..,46.4,36.6,41.6,19.3,170.686,111.308,..,10.539999961853,12.1979999542236,11.6140003204346
245,TM,TM,Adult,Female,2010,0.0,0.0,0.0,15,24.7322,..,..,48.5,36.8,42.8,22.7,260.71,140.792,..,2.26900005340576,5.22800016403198,4,24.7322,..,..,48.5,36.8,42.8,22.7,260.71,140.792,..,2.26900005340576,5.22800016403198,4
246,TM,TM,Adult,Female,2011,0.0,0.0,0.0,11,25.5936,..,..,47.7,36.2,42.1,22.6,256.483,138.327,..,2.29800009727478,5.20699977874756,4.0019998550415,25.5936,..,..,47.7,36.2,42.1,22.6,256.483,138.327,..,2.29800009727478,5.20699977874756,4.0019998550415
247,TR,MD,Adult,Female,2006,12.0,23.0,0.0,23,39.8638,..,..,25.8,23.2,24.5,12.5,166.508,85.259,..,9.09700012207031,8.58300018310547,8.7180004119873,27.9222,..,..,20.8,16.6,18.7,13.3,309.62,149.985,..,5.79699993133545,8.96700000762939,7.38000011444092
248,TR,UA,Adult,Female,2005,43.0,80.0,0.0,80,41.2136,..,..,27.8,25.1,26.5,13.6,169.48,87.677,..,11.1800003051758,10.4440002441406,10.6359996795654,29.9582,23.9,..,16,12.9,14.5,8.7,403.431,150.196,..,6.82200002670288,7.51100015640259,7.17999982833862
249,TR,UA,Adult,Female,2006,0.0,40.0,0.0,40,39.8638,..,..,25.8,23.2,24.5,12.5,166.508,85.259,..,9.09700012207031,8.58300018310547,8.7180004119873,30.1846,..,..,15.4,12.4,13.9,8.4,384.568,142.426,..,6.60200023651123,7.00299978256226,6.80999994277954
250,TR,UA,Adult,Female,2007,15.0,54.0,0.0,54,38.514,..,..,23.9,21.5,22.7,11.5,163.536,82.84,..,9.14599990844727,8.76900005340576,8.86800003051758,30.411,23.1,25.9,14.8,11.9,13.4,8,396.138,146.547,4.2,5.99499988555908,6.67899990081787,6.35099983215332
251,TT,ID,Adult,Male,2014,85.0,0.0,0.0,85,32.919,..,..,22.2,18.3,20.3,13.5,216.52,123.419,..,2.56100010871887,1.97599995136261,2.22399997711182,49.2346,..,..,31.9,25.8,28.9,15.2,206.941,147.893,..,3.88299989700317,4.15000009536743,4.04899978637695
252,TW,ID,Adult,Female,2014,33.0,0.0,0.0,33,23.0026,..,..,9.5,7.8,8.6,5.2,..,..,..,7.42399978637695,10.0290002822876,8.79899978637695,,,,,,,,,,,,,
253,UA,0,Minor,Female,2018,0.0,0.0,0.0,12,23.0026,..,..,9.5,7.8,8.6,5.2,..,..,..,7.42399978637695,10.0290002822876,8.79899978637695,,,,,,,,,,,,,
254,UA,0,Minor,Male,2018,0.0,0.0,0.0,24,27.953,23,..,11.7,9.5,10.7,6.4,295.545,112.032,..,6.44199991226196,8.50300025939941,7.52899980545044,25.767,21.9,25.7,18.3,14.6,16.5,12.3,250.591,102.165,..,4.28599977493286,6.81799983978271,5.57800006866455
255,UA,MD,Adult,Male,2012,0.0,0.0,0.0,12,25.4078,..,..,10.4,8.5,9.5,5.7,..,..,..,8.07699966430664,10.0959997177124,9.14000034332275,23.7558,..,..,17.3,13.8,15.6,11.6,243.767,98.788,..,2.92000007629395,4.44500017166138,3.69400000572205
256,UA,MD,Minor,Female,2015,0.0,0.0,0.0,12,24.5594,..,..,10.1,8.2,9.2,5.5,..,..,..,7.69299983978271,10.8339996337891,9.35000038146973,23.0854,..,..,16.9,13.5,15.3,11.4,241.492,97.662,..,2.88000011444092,5.44799995422363,4.18499994277954
257,UA,MD,Minor,Female,2016,0.0,0.0,0.0,11,25.4078,..,..,10.4,8.5,9.5,5.7,..,..,..,8.07699966430664,10.0959997177124,9.14000034332275,23.7558,..,..,17.3,13.8,15.6,11.6,243.767,98.788,..,2.92000007629395,4.44500017166138,3.69400000572205
258,UA,MD,Minor,Male,2015,0.0,0.0,0.0,17,24.5594,..,..,10.1,8.2,9.2,5.5,..,..,..,7.69299983978271,10.8339996337891,9.35000038146973,23.0854,..,..,16.9,13.5,15.3,11.4,241.492,97.662,..,2.88000011444092,5.44799995422363,4.18499994277954
259,UA,MD,Minor,Male,2016,0.0,0.0,0.0,12,30.411,23.1,25.9,14.8,11.9,13.4,8,396.138,146.547,4.2,5.99499988555908,6.67899990081787,6.35099983215332,30.411,23.1,25.9,14.8,11.9,13.4,8,396.138,146.547,4.2,5.99499988555908,6.67899990081787,6.35099983215332
260,UA,UA,Adult,Female,2007,0.0,55.0,0.0,67,29.9194,..,..,14.2,11.5,12.9,7.7,391.412,145.477,..,6.08799982070923,6.61800003051758,6.36299991607666,29.9194,..,..,14.2,11.5,12.9,7.7,391.412,145.477,..,6.08799982070923,6.61800003051758,6.36299991607666
261,UA,UA,Adult,Female,2008,31.0,0.0,0.0,384,29.4278,..,..,13.6,11,12.3,7.4,334.021,127.738,..,7.29899978637695,10.2740001678467,8.84000015258789,29.4278,..,..,13.6,11,12.3,7.4,334.021,127.738,..,7.29899978637695,10.2740001678467,8.84000015258789
262,UA,UA,Adult,Female,2009,0.0,0.0,0.0,266,28.9362,..,..,12.9,10.5,11.7,7,309.172,118.251,..,6.81500005722046,9.29300022125244,8.10000038146973,28.9362,..,..,12.9,10.5,11.7,7,309.172,118.251,..,6.81500005722046,9.29300022125244,8.10000038146973
263,UA,UA,Adult,Female,2010,0.0,0.0,0.0,195,28.4446,..,..,12.3,10,11.2,6.7,295.993,111.607,..,6.67899990081787,8.92399978637695,7.85099983215332,28.4446,..,..,12.3,10,11.2,6.7,295.993,111.607,..,6.67899990081787,8.92399978637695,7.85099983215332
264,UA,UA,Adult,Female,2011,0.0,0.0,0.0,197,27.953,23,..,11.7,9.5,10.7,6.4,295.545,112.032,..,6.44199991226196,8.50300025939941,7.52899980545044,27.953,23,..,11.7,9.5,10.7,6.4,295.545,112.032,..,6.44199991226196,8.50300025939941,7.52899980545044
265,UA,UA,Adult,Female,2012,0.0,0.0,0.0,355,27.1046,..,..,11.2,9.1,10.2,6.1,292.069,111.279,..,6.21600008010864,8.03499984741211,7.17000007629395,27.1046,..,..,11.2,9.1,10.2,6.1,292.069,111.279,..,6.21600008010864,8.03499984741211,7.17000007629395
266,UA,UA,Adult,Female,2013,0.0,0.0,0.0,213,26.2562,..,..,10.8,8.8,9.8,5.9,..,..,..,7.51599979400635,10.8439998626709,9.27000045776367,26.2562,..,..,10.8,8.8,9.8,5.9,..,..,..,7.51599979400635,10.8439998626709,9.27000045776367
267,UA,UA,Adult,Female,2014,0.0,0.0,0.0,273,25.4078,..,..,10.4,8.5,9.5,5.7,..,..,..,8.07699966430664,10.0959997177124,9.14000034332275,25.4078,..,..,10.4,8.5,9.5,5.7,..,..,..,8.07699966430664,10.0959997177124,9.14000034332275
268,UA,UA,Adult,Female,2015,0.0,0.0,0.0,62,24.5594,..,..,10.1,8.2,9.2,5.5,..,..,..,7.69299983978271,10.8339996337891,9.35000038146973,24.5594,..,..,10.1,8.2,9.2,5.5,..,..,..,7.69299983978271,10.8339996337891,9.35000038146973
269,UA,UA,Adult,Female,2016,0.0,0.0,0.0,204,23.711,..,..,9.8,8,8.9,5.3,..,..,..,7.74700021743774,11.0860004425049,9.51000022888184,23.711,..,..,9.8,8,8.9,5.3,..,..,..,7.74700021743774,11.0860004425049,9.51000022888184
270,UA,UA,Adult,Female,2017,0.0,0.0,0.0,441,23.0026,..,..,9.5,7.8,8.6,5.2,..,..,..,7.42399978637695,10.0290002822876,8.79899978637695,23.0026,..,..,9.5,7.8,8.6,5.2,..,..,..,7.42399978637695,10.0290002822876,8.79899978637695
271,UA,UA,Adult,Female,2018,0.0,0.0,0.0,141,29.9194,..,..,14.2,11.5,12.9,7.7,391.412,145.477,..,6.08799982070923,6.61800003051758,6.36299991607666,29.9194,..,..,14.2,11.5,12.9,7.7,391.412,145.477,..,6.08799982070923,6.61800003051758,6.36299991607666
272,UA,UA,Adult,Male,2008,12.0,0.0,0.0,51,28.9362,..,..,12.9,10.5,11.7,7,309.172,118.251,..,6.81500005722046,9.29300022125244,8.10000038146973,28.9362,..,..,12.9,10.5,11.7,7,309.172,118.251,..,6.81500005722046,9.29300022125244,8.10000038146973
273,UA,UA,Adult,Male,2010,11.0,0.0,0.0,38,28.4446,..,..,12.3,10,11.2,6.7,295.993,111.607,..,6.67899990081787,8.92399978637695,7.85099983215332,28.4446,..,..,12.3,10,11.2,6.7,295.993,111.607,..,6.67899990081787,8.92399978637695,7.85099983215332
274,UA,UA,Adult,Male,2011,0.0,0.0,0.0,89,27.953,23,..,11.7,9.5,10.7,6.4,295.545,112.032,..,6.44199991226196,8.50300025939941,7.52899980545044,27.953,23,..,11.7,9.5,10.7,6.4,295.545,112.032,..,6.44199991226196,8.50300025939941,7.52899980545044
275,UA,UA,Adult,Male,2012,0.0,0.0,0.0,453,27.1046,..,..,11.2,9.1,10.2,6.1,292.069,111.279,..,6.21600008010864,8.03499984741211,7.17000007629395,27.1046,..,..,11.2,9.1,10.2,6.1,292.069,111.279,..,6.21600008010864,8.03499984741211,7.17000007629395
276,UA,UA,Adult,Male,2013,0.0,0.0,0.0,251,26.2562,..,..,10.8,8.8,9.8,5.9,..,..,..,7.51599979400635,10.8439998626709,9.27000045776367,26.2562,..,..,10.8,8.8,9.8,5.9,..,..,..,7.51599979400635,10.8439998626709,9.27000045776367
277,UA,UA,Adult,Male,2014,0.0,0.0,0.0,382,24.5594,..,..,10.1,8.2,9.2,5.5,..,..,..,7.69299983978271,10.8339996337891,9.35000038146973,24.5594,..,..,10.1,8.2,9.2,5.5,..,..,..,7.69299983978271,10.8339996337891,9.35000038146973
278,UA,UA,Adult,Male,2016,0.0,0.0,0.0,268,23.711,..,..,9.8,8,8.9,5.3,..,..,..,7.74700021743774,11.0860004425049,9.51000022888184,23.711,..,..,9.8,8,8.9,5.3,..,..,..,7.74700021743774,11.0860004425049,9.51000022888184
279,UA,UA,Adult,Male,2017,0.0,0.0,0.0,588,23.0026,..,..,9.5,7.8,8.6,5.2,..,..,..,7.42399978637695,10.0290002822876,8.79899978637695,23.0026,..,..,9.5,7.8,8.6,5.2,..,..,..,7.42399978637695,10.0290002822876,8.79899978637695
280,UA,UA,Adult,Male,2018,0.0,0.0,0.0,227,28.9362,..,..,12.9,10.5,11.7,7,309.172,118.251,..,6.81500005722046,9.29300022125244,8.10000038146973,28.9362,..,..,12.9,10.5,11.7,7,309.172,118.251,..,6.81500005722046,9.29300022125244,8.10000038146973
281,UA,UA,Minor,Female,2010,0.0,0.0,0.0,11,28.4446,..,..,12.3,10,11.2,6.7,295.993,111.607,..,6.67899990081787,8.92399978637695,7.85099983215332,28.4446,..,..,12.3,10,11.2,6.7,295.993,111.607,..,6.67899990081787,8.92399978637695,7.85099983215332
282,UA,UA,Minor,Female,2011,0.0,0.0,0.0,19,27.953,23,..,11.7,9.5,10.7,6.4,295.545,112.032,..,6.44199991226196,8.50300025939941,7.52899980545044,27.953,23,..,11.7,9.5,10.7,6.4,295.545,112.032,..,6.44199991226196,8.50300025939941,7.52899980545044
283,UA,UA,Minor,Female,2012,0.0,0.0,0.0,34,25.4078,..,..,10.4,8.5,9.5,5.7,..,..,..,8.07699966430664,10.0959997177124,9.14000034332275,25.4078,..,..,10.4,8.5,9.5,5.7,..,..,..,8.07699966430664,10.0959997177124,9.14000034332275
284,UA,UA,Minor,Female,2015,0.0,0.0,0.0,16,23.711,..,..,9.8,8,8.9,5.3,..,..,..,7.74700021743774,11.0860004425049,9.51000022888184,23.711,..,..,9.8,8,8.9,5.3,..,..,..,7.74700021743774,11.0860004425049,9.51000022888184
285,UA,UA,Minor,Female,2017,0.0,0.0,0.0,14,23.0026,..,..,9.5,7.8,8.6,5.2,..,..,..,7.42399978637695,10.0290002822876,8.79899978637695,23.0026,..,..,9.5,7.8,8.6,5.2,..,..,..,7.42399978637695,10.0290002822876,8.79899978637695
286,UA,UA,Minor,Female,2018,0.0,0.0,0.0,14,28.4446,..,..,12.3,10,11.2,6.7,295.993,111.607,..,6.67899990081787,8.92399978637695,7.85099983215332,28.4446,..,..,12.3,10,11.2,6.7,295.993,111.607,..,6.67899990081787,8.92399978637695,7.85099983215332
287,UA,UA,Minor,Male,2011,0.0,0.0,0.0,18,27.953,23,..,11.7,9.5,10.7,6.4,295.545,112.032,..,6.44199991226196,8.50300025939941,7.52899980545044,27.953,23,..,11.7,9.5,10.7,6.4,295.545,112.032,..,6.44199991226196,8.50300025939941,7.52899980545044
288,UA,UA,Minor,Male,2012,0.0,0.0,0.0,17,23.0026,..,..,9.5,7.8,8.6,5.2,..,..,..,7.42399978637695,10.0290002822876,8.79899978637695,23.0026,..,..,9.5,7.8,8.6,5.2,..,..,..,7.42399978637695,10.0290002822876,8.79899978637695
289,UA,UA,Minor,Male,2018,0.0,0.0,0.0,11,150.734,..,..,101.1,85.6,93.5,26.8,429.089,368.163,..,2.85599994659424,2.17899990081787,2.50300002098084,130.77,20.8,25.2,135.7,118.9,127.5,34.6,322.952,272.718,23.8,2.38000011444092,3.76999998092651,3.08100008964539
290,UG,CD,Minor,Female,2007,0.0,0.0,0.0,25,150.734,..,..,101.1,85.6,93.5,26.8,429.089,368.163,..,2.85599994659424,2.17899990081787,2.50300002098084,130.77,20.8,25.2,135.7,118.9,127.5,34.6,322.952,272.718,23.8,2.38000011444092,3.76999998092651,3.08100008964539
291,UG,CD,Minor,Male,2007,0.0,0.0,0.0,28,..,..,..,50.5,41,45.8,20,..,..,..,2.2960000038147,1.40299999713898,1.84300005435944,..,..,..,50.5,41,45.8,20,..,..,..,2.2960000038147,1.40299999713898,1.84300005435944
292,UG,UG,Adult,Female,2019,0.0,14.0,0.0,14,126.6672,..,..,65,53.6,59.4,23,357.228,275.925,..,2.40400004386902,1.37800002098083,1.87999999523163,126.6672,..,..,65,53.6,59.4,23,357.228,275.925,..,2.40400004386902,1.37800002098083,1.87999999523163
293,UG,UG,Minor,Female,2014,44.0,0.0,0.0,44,126.6672,..,..,65,53.6,59.4,23,357.228,275.925,..,2.40400004386902,1.37800002098083,1.87999999523163,126.6672,..,..,65,53.6,59.4,23,357.228,275.925,..,2.40400004386902,1.37800002098083,1.87999999523163
294,UG,UG,Minor,Male,2014,26.0,0.0,0.0,26,..,..,..,50.5,41,45.8,20,..,..,..,2.2960000038147,1.40299999713898,1.84300005435944,..,..,..,50.5,41,45.8,20,..,..,..,2.2960000038147,1.40299999713898,1.84300005435944
295,UG,UG,unknown,Female,2019,0.0,14.0,0.0,14,23.0908,..,..,7.4,6.2,6.8,3.9,134.263,80.389,..,5.17700004577637,5.36700010299683,5.28000020980835,,,,,,,,,,,,,
296,US,0,Adult,Female,2015,0.0,381.0,0.0,381,21.4754,..,..,7.3,6.1,6.7,3.8,138.455,82.066,..,4.78800010681152,4.93800020217896,4.86899995803833,,,,,,,,,,,,,
297,US,0,Adult,Female,2016,0.0,1012.0,0.0,1051,19.86,..,..,7.3,6,6.7,3.8,139.141,81.935,..,4.30800008773804,4.39599990844727,4.35500001907349,,,,,,,,,,,,,
298,US,0,Adult,Female,2017,0.0,1313.0,0.0,1385,18.5562,..,..,7.2,6,6.6,3.8,..,..,..,3.83699989318848,3.94600009918213,3.89599990844727,,,,,,,,,,,,,
299,US,0,Adult,Female,2018,28.0,1822.0,0.0,1963,23.0908,..,..,7.4,6.2,6.8,3.9,134.263,80.389,..,5.17700004577637,5.36700010299683,5.28000020980835,,,,,,,,,,,,,
300,US,0,Minor,Female,2015,0.0,435.0,0.0,446,21.4754,..,..,7.3,6.1,6.7,3.8,138.455,82.066,..,4.78800010681152,4.93800020217896,4.86899995803833,,,,,,,,,,,,,
301,US,0,Minor,Female,2016,11.0,800.0,0.0,846,19.86,..,..,7.3,6,6.7,3.8,139.141,81.935,..,4.30800008773804,4.39599990844727,4.35500001907349,,,,,,,,,,,,,
302,US,0,Minor,Female,2017,37.0,1035.0,0.0,1080,18.5562,..,..,7.2,6,6.6,3.8,..,..,..,3.83699989318848,3.94600009918213,3.89599990844727,,,,,,,,,,,,,
303,US,0,Minor,Female,2018,49.0,1277.0,0.0,1371,21.4754,..,..,7.3,6.1,6.7,3.8,138.455,82.066,..,4.78800010681152,4.93800020217896,4.86899995803833,,,,,,,,,,,,,
304,US,0,Minor,Male,2016,22.0,18.0,0.0,40,19.86,..,..,7.3,6,6.7,3.8,139.141,81.935,..,4.30800008773804,4.39599990844727,4.35500001907349,,,,,,,,,,,,,
305,US,0,Minor,Male,2017,54.0,48.0,0.0,102,18.5562,..,..,7.2,6,6.6,3.8,..,..,..,3.83699989318848,3.94600009918213,3.89599990844727,,,,,,,,,,,,,
306,US,0,Minor,Male,2018,23.0,134.0,0.0,157,19.86,..,..,7.3,6,6.7,3.8,139.141,81.935,..,4.30800008773804,4.39599990844727,4.35500001907349,7.635,..,..,9.7,8.6,9.2,4.5,95.115,61.091,..,3.84699988365173,4.90500020980835,4.44099998474121
307,US,CN,Adult,Female,2017,0.0,11.0,0.0,11,18.5562,..,..,7.2,6,6.6,3.8,..,..,..,3.83699989318848,3.94600009918213,3.89599990844727,7.643,..,..,9,8,8.5,4.2,93.777,60.272,..,3.70300006866455,4.72200012207031,4.27600002288818
308,US,CN,Adult,Female,2018,0.0,12.0,0.0,12,21.4754,..,..,7.3,6.1,6.7,3.8,138.455,82.066,..,4.78800010681152,4.93800020217896,4.86899995803833,1.4564,..,..,3.7,3.1,3.4,1.6,83.86,34.344,..,3.58400011062622,3.78299999237061,3.70000004768372
309,US,KR,Adult,Female,2016,0.0,12.0,0.0,12,19.86,..,..,7.3,6,6.7,3.8,139.141,81.935,..,4.30800008773804,4.39599990844727,4.35500001907349,60.365,..,..,16.6,13.7,15.2,8.5,138.268,77.831,..,3.6010000705719,3.31100010871887,3.42000007629395
310,US,MX,Adult,Male,2017,19.0,0.0,0.0,19,23.0908,..,..,7.4,6.2,6.8,3.9,134.263,80.389,..,5.17700004577637,5.36700010299683,5.28000020980835,23.0908,..,..,7.4,6.2,6.8,3.9,134.263,80.389,..,5.17700004577637,5.36700010299683,5.28000020980835
311,US,US,Adult,Female,2015,0.0,379.0,0.0,379,21.4754,..,..,7.3,6.1,6.7,3.8,138.455,82.066,..,4.78800010681152,4.93800020217896,4.86899995803833,21.4754,..,..,7.3,6.1,6.7,3.8,138.455,82.066,..,4.78800010681152,4.93800020217896,4.86899995803833
312,US,US,Adult,Female,2016,0.0,847.0,0.0,859,19.86,..,..,7.3,6,6.7,3.8,139.141,81.935,..,4.30800008773804,4.39599990844727,4.35500001907349,19.86,..,..,7.3,6,6.7,3.8,139.141,81.935,..,4.30800008773804,4.39599990844727,4.35500001907349
313,US,US,Adult,Female,2017,0.0,781.0,0.0,803,18.5562,..,..,7.2,6,6.6,3.8,..,..,..,3.83699989318848,3.94600009918213,3.89599990844727,18.5562,..,..,7.2,6,6.6,3.8,..,..,..,3.83699989318848,3.94600009918213,3.89599990844727
314,US,US,Adult,Female,2018,0.0,489.0,0.0,489,23.0908,..,..,7.4,6.2,6.8,3.9,134.263,80.389,..,5.17700004577637,5.36700010299683,5.28000020980835,23.0908,..,..,7.4,6.2,6.8,3.9,134.263,80.389,..,5.17700004577637,5.36700010299683,5.28000020980835
315,US,US,Minor,Female,2015,0.0,253.0,0.0,253,21.4754,..,..,7.3,6.1,6.7,3.8,138.455,82.066,..,4.78800010681152,4.93800020217896,4.86899995803833,21.4754,..,..,7.3,6.1,6.7,3.8,138.455,82.066,..,4.78800010681152,4.93800020217896,4.86899995803833
316,US,US,Minor,Female,2016,0.0,369.0,0.0,369,19.86,..,..,7.3,6,6.7,3.8,139.141,81.935,..,4.30800008773804,4.39599990844727,4.35500001907349,19.86,..,..,7.3,6,6.7,3.8,139.141,81.935,..,4.30800008773804,4.39599990844727,4.35500001907349
317,US,US,Minor,Female,2017,0.0,283.0,0.0,283,18.5562,..,..,7.2,6,6.6,3.8,..,..,..,3.83699989318848,3.94600009918213,3.89599990844727,18.5562,..,..,7.2,6,6.6,3.8,..,..,..,3.83699989318848,3.94600009918213,3.89599990844727
318,US,US,Minor,Female,2018,0.0,164.0,0.0,175,21.4754,..,..,7.3,6.1,6.7,3.8,138.455,82.066,..,4.78800010681152,4.93800020217896,4.86899995803833,21.4754,..,..,7.3,6.1,6.7,3.8,138.455,82.066,..,4.78800010681152,4.93800020217896,4.86899995803833
319,US,US,Minor,Male,2016,0.0,11.0,0.0,11,18.5562,..,..,7.2,6,6.6,3.8,..,..,..,3.83699989318848,3.94600009918213,3.89599990844727,18.5562,..,..,7.2,6,6.6,3.8,..,..,..,3.83699989318848,3.94600009918213,3.89599990844727
320,US,US,Minor,Male,2018,0.0,15.0,0.0,15,18.201,..,..,53,40.9,47.1,23.4,227.93,130.766,..,6.61199998855591,7.06899976730347,6.87799978256226,18.201,..,..,53,40.9,47.1,23.4,227.93,130.766,..,6.61199998855591,7.06899976730347,6.87799978256226
321,UZ,UZ,Adult,Female,2005,0.0,0.0,0.0,78,23.79,..,..,30.1,22.8,26.6,15.1,182.008,108.856,..,4.61800003051758,5.02899980545044,4.8600001335144,23.79,..,..,30.1,22.8,26.6,15.1,182.008,108.856,..,4.61800003051758,5.02899980545044,4.8600001335144
322,UZ,UZ,Adult,Female,2013,0.0,0.0,0.0,101,23.79,..,..,30.1,22.8,26.6,15.1,182.008,108.856,..,4.61800003051758,5.02899980545044,4.8600001335144,23.79,..,..,30.1,22.8,26.6,15.1,182.008,108.856,..,4.61800003051758,5.02899980545044,4.8600001335144
323,UZ,UZ,Adult,Male,2013,0.0,0.0,0.0,14,30.929,..,..,24.3,17.2,20.8,11,178.38,64.966,..,1.88199996948242,2.21000003814697,2.05299997329712,30.929,..,..,24.3,17.2,20.8,11,178.38,64.966,..,1.88199996948242,2.21000003814697,2.05299997329712
324,VN,VN,Adult,Female,2017,0.0,0.0,16.0,16,70.3488,..,..,41.1,34.9,38.1,10.9,431.175,304.312,..,27.0450000762939,23.1620006561279,24.8980007171631,49.2346,..,..,31.9,25.8,28.9,15.2,206.941,147.893,..,3.88299989700317,4.15000009536743,4.04899978637695
325,ZA,ID,Adult,Male,2014,36.0,0.0,0.0,36,,,,,,,,,,,,,,,,,,,,,,,,,,
326,unknown,BY,Adult,Female,2011,0.0,0.0,0.0,18,,,,,,,,,,,,,,,,,,,,,,,,,,
327,unknown,BY,Adult,Female,2012,0.0,0.0,0.0,73,,,,,,,,,,,,,,,,,,,,,,,,,,
328,unknown,BY,Adult,Male,2011,0.0,0.0,0.0,28,,,,,,,,,,,,,,,,,,,,,,,,,,
329,unknown,BY,Adult,Male,2012,0.0,0.0,0.0,59,,,,,,,,,,,,,,,,,,,,,,,,,,
330,unknown,BY,Minor,Female,2011,0.0,0.0,0.0,17,,,,,,,,,,,,,,,,,,,,,,,,,,
331,unknown,BY,Minor,Female,2012,0.0,0.0,0.0,12,,,,,,,,,,,,,,,,,,,,,,,,,,
332,unknown,BY,Minor,Male,2012,0.0,0.0,0.0,17,,,,,,,,,,,,,,,,,,,,,,,,,,
333,unknown,CO,Adult,Female,2002,0.0,43.0,0.0,43,,,,,,,,,,,,,,,,,,,,,,,,,,
334,unknown,CO,unknown,Female,2002,0.0,31.0,0.0,31,,,,,,,,,,,,,,,,,,,,,,,,,,
335,unknown,CO,unknown,Female,2003,0.0,22.0,0.0,22,,,,,,,,,,,,,,,,,,,,,,,,,,
336,unknown,CO,unknown,Male,2003,0.0,15.0,0.0,15,,,,,,,,,,,,,,,,,,,,,,,,,,
337,unknown,ID,Adult,Female,2014,0.0,0.0,0.0,111,,,,,,,,,,,,,,,,,,,,,,,,,,
338,unknown,ID,Minor,Female,2014,0.0,0.0,0.0,30,,,,,,,,,,,,,,,,,,,,,,,,,,
339,unknown,KG,Adult,Female,2011,0.0,0.0,0.0,53,,,,,,,,,,,,,,,,,,,,,,,,,,
340,unknown,KG,Adult,Male,2010,0.0,0.0,0.0,11,,,,,,,,,,,,,,,,,,,,,,,,,,
341,unknown,KG,Adult,Male,2011,0.0,0.0,0.0,87,,,,,,,,,,,,,,,,,,,,,,,,,,
342,unknown,KH,unknown,Female,2016,0.0,0.0,0.0,11,,,,,,,,,,,,,,,,,,,,,,,,,,
343,unknown,KH,unknown,Female,2017,83.0,89.0,12.0,330,,,,,,,,,,,,,,,,,,,,,,,,,,
344,unknown,KH,unknown,Male,2017,13.0,0.0,0.0,29,,,,,,,,,,,,,,,,,,,,,,,,,,
345,unknown,MD,Adult,Female,2002,0.0,329.0,0.0,438,,,,,,,,,,,,,,,,,,,,,,,,,,
346,unknown,MD,Adult,Female,2003,0.0,215.0,0.0,215,,,,,,,,,,,,,,,,,,,,,,,,,,
347,unknown,MD,Adult,Female,2004,0.0,29.0,0.0,29,,,,,,,,,,,,,,,,,,,,,,,,,,
348,unknown,MD,Adult,Female,2011,0.0,0.0,0.0,252,,,,,,,,,,,,,,,,,,,,,,,,,,
349,unknown,MD,Adult,Male,2011,0.0,0.0,0.0,23,,,,,,,,,,,,,,,,,,,,,,,,,,
350,unknown,MD,Minor,Female,2011,0.0,0.0,0.0,127,,,,,,,,,,,,,,,,,,,,,,,,,,
351,unknown,MD,Minor,Male,2011,0.0,0.0,0.0,67,,,,,,,,,,,,,,,,,,,,,,,,,,
352,unknown,PH,unknown,Female,2016,1290.0,219.0,3846.0,6149,,,,,,,,,,,,,,,,,,,,,,,,,,
353,unknown,PH,unknown,Female,2017,17.0,11.0,16.0,44,,,,,,,,,,,,,,,,,,,,,,,,,,
354,unknown,PH,unknown,Male,2016,296.0,0.0,1787.0,2478,,,,,,,,,,,,,,,,,,,,,,,,,,
355,unknown,RO,Adult,Female,2002,0.0,0.0,0.0,39,,,,,,,,,,,,,,,,,,,,,,,,,,
356,unknown,UA,Adult,Female,2002,0.0,0.0,0.0,11,,,,,,,,,,,,,,,,,,,,,,,,,,
357,unknown,unknown,unknown,Female,2016,0.0,0.0,0.0,25,,,,,,,,,,,,,,,,,,,,,,,,,,
358,unknown,unknown,unknown,Female,2017,0.0,0.0,0.0,62,,,,,,,,,,,,,,,,,,,,,,,,,,
359,unknown,unknown,unknown,Male,2017,0.0,0.0,0.0,63,,,,,,,,,,,,,,,,,,,,,,,,,,
